desc: I1 cache:         32768 B, 64 B, 8-way associative
desc: D1 cache:         32768 B, 64 B, 8-way associative
desc: LL cache:         8388608 B, 64 B, 16-way associative
cmd: ./lz5 -6 -f /tmp/c150.dat /tmp/c150.lz5
events: Ir I1mr ILmr Dr D1mr DLmr Dw D1mw DLmw 
fl=./csu/../csu/libc-start.c
fn=__libc_start_main@@GLIBC_2.34
128 2 1 1 2 0 0 0 0 0
134 3 0 0 1 1 0 0 0 0
135 6 1 1 2 0 0 1 0 0
138 1 0 0 1 0 0 0 0 0
139 2 0 0 0 0 0 0 0 0
142 3 0 0 2 0 0 0 0 0
143 2 0 0 2 1 0 0 0 0
144 12 1 1 1 0 0 1 0 0
145 4 0 0 1 0 0 1 0 0
242 11 1 1 0 0 0 7 0 0
311 3 1 1 0 0 0 0 0 0
312 3 0 0 0 0 0 1 0 0
337 6 0 0 2 0 0 1 0 0
340 2 0 0 0 0 0 0 0 0
343 2 0 0 2 0 0 0 0 0
350 2 0 0 1 0 0 1 0 0
352 2 0 0 0 0 0 0 0 0
360 4 0 0 1 0 0 1 0 0
fl=./csu/../sysdeps/nptl/libc_start_call_main.h
fn=(below main)
29 4 2 2 0 0 0 3 0 0
44 4 0 0 1 0 0 2 0 0
46 2 0 0 0 0 0 0 0 0
51 2 0 0 1 1 0 1 0 0
52 2 0 0 1 1 0 1 0 0
55 2 1 1 0 0 0 1 0 0
58 6 0 0 5 0 0 1 0 0
74 2 1 0 0 0 0 1 0 0
fl=./csu/./csu/init-first.c
fn=_init_first
46 3 1 1 0 0 0 1 0 0
51 2 0 0 1 0 0 0 0 0
55 5 1 1 4 2 1 0 0 0
61 1 0 0 0 0 0 1 1 0
62 1 0 0 0 0 0 1 0 0
63 2 0 0 1 0 0 1 1 1
71 2 0 0 0 0 0 0 0 0
72 2 0 0 1 0 0 0 0 0
fl=./ctype/./ctype/ctype-info.c
fn=__ctype_init
39 7 1 1 5 3 0 1 0 0
41 4 0 0 2 1 0 1 0 0
42 2 1 1 1 0 0 1 0 0
43 2 0 0 1 0 0 0 0 0
44 1 0 0 1 0 0 0 0 0
fl=./debug/../sysdeps/x86_64/multiarch/ifunc-memmove.h
fn=__memcpy_chk
56 2 0 0 0 0 0 0 0 0
57 3 1 1 2 0 0 0 0 0
60 3 0 0 1 0 0 0 0 0
61 2 1 1 0 0 0 0 0 0
74 2 0 0 0 0 0 0 0 0
77 2 0 0 0 0 0 0 0 0
85 2 0 0 0 0 0 0 0 0
93 2 1 1 0 0 0 0 0 0
96 5 2 2 1 0 0 0 0 0
fn=__memmove_chk
56 2 0 0 0 0 0 0 0 0
57 3 0 0 2 0 0 0 0 0
60 3 1 1 1 0 0 0 0 0
61 2 1 1 0 0 0 0 0 0
74 2 0 0 0 0 0 0 0 0
77 2 0 0 0 0 0 0 0 0
85 2 0 0 0 0 0 0 0 0
93 2 0 0 0 0 0 0 0 0
96 5 1 1 1 0 0 0 0 0
fn=__mempcpy_chk
56 2 0 0 0 0 0 0 0 0
57 3 1 1 2 0 0 0 0 0
60 3 0 0 1 0 0 0 0 0
61 2 1 1 0 0 0 0 0 0
74 2 0 0 0 0 0 0 0 0
77 2 0 0 0 0 0 0 0 0
85 2 0 0 0 0 0 0 0 0
93 2 1 1 0 0 0 0 0 0
96 5 2 2 1 0 0 0 0 0
fl=./debug/../sysdeps/x86_64/multiarch/ifunc-memset.h
fn=__memset_chk
52 3 0 0 0 0 0 0 0 0
53 2 0 0 0 0 0 0 0 0
61 5 0 0 2 0 0 0 0 0
64 3 1 1 1 0 0 0 0 0
65 2 1 1 0 0 0 0 0 0
80 2 0 0 0 0 0 0 0 0
82 2 0 0 0 0 0 0 0 0
92 2 0 0 0 0 0 0 0 0
100 2 1 1 0 0 0 0 0 0
fl=./debug/../sysdeps/x86_64/multiarch/memset_chk.c
fn=__memset_chk
29 1 0 0 1 0 0 0 0 0
fl=./elf/../bits/stdlib-bsearch.h
fn=intel_check_word.constprop.0
26 648 0 0 0 0 0 0 0 0
28 972 0 0 0 0 0 0 0 0
43 60 0 0 0 0 0 0 0 0
44 60 1 1 0 0 0 0 0 0
46 120 0 0 0 0 0 0 0 0
fl=./elf/../elf/dl-tls.c
fn=_dl_add_to_slotinfo
1163 5 0 0 0 0 0 3 0 0
1164 4 1 1 2 0 0 0 0 0
1172 1 0 0 1 0 0 0 0 0
1175 1 0 0 1 1 0 0 0 0
1176 1 0 0 0 0 0 0 0 0
1180 3 1 1 1 0 0 0 0 0
1216 2 0 0 0 0 0 0 0 0
1219 2 1 1 0 0 0 1 0 0
1220 3 0 0 1 0 0 1 0 0
1222 2 0 0 1 0 0 0 0 0
1225 1 0 0 0 0 0 0 0 0
1226 5 0 0 4 0 0 0 0 0
fn=_dl_allocate_tls_init
602 9 1 1 0 0 0 8 0 0
603 2 0 0 0 0 0 0 0 0
607 2 1 1 1 1 0 1 0 0
610 1 0 0 0 0 0 0 0 0
613 2 0 0 1 1 0 1 0 0
616 3 0 0 2 1 0 0 0 0
628 1 0 0 1 0 0 0 0 0
633 16 1 1 2 0 0 1 0 0
639 5 1 1 0 0 0 0 0 0
642 3 0 0 1 0 0 0 0 0
643 2 0 0 0 0 0 0 0 0
649 3 1 1 2 0 0 0 0 0
650 2 0 0 0 0 0 0 0 0
652 12 0 0 3 1 0 1 0 0
655 2 0 0 0 0 0 0 0 0
656 2 0 0 1 0 0 0 0 0
659 2 1 1 0 0 0 0 0 0
660 4 0 0 2 0 0 0 0 0
662 2 0 0 0 0 0 0 0 0
663 2 0 0 1 0 0 0 0 0
672 1 0 0 0 0 0 1 0 0
682 2 0 0 1 0 0 0 0 0
684 9 1 1 2 0 0 3 0 0
687 2 0 0 1 0 0 0 0 0
688 1 0 0 1 0 0 0 0 0
692 1 0 0 1 0 0 0 0 0
698 2 0 0 1 0 0 1 0 0
701 2 0 0 1 0 0 1 0 0
704 9 1 1 8 0 0 0 0 0
fn=_dl_allocate_tls_storage
91 1 1 1 2 0 0 0 0 0
97 1 0 0 2 0 0 0 0 0
509 3 1 1 0 0 0 2 0 0
515 3 0 0 1 0 0 0 0 0
517 2 0 0 0 0 0 0 0 0
527 1 0 0 0 0 0 1 1 1
529 2 1 1 0 0 0 1 0 0
530 2 0 0 0 0 0 0 0 0
535 4 0 0 3 0 0 0 0 0
fn=_dl_assign_tls_modid
153 1 1 1 0 0 0 0 0 0
156 3 0 0 2 0 0 0 0 0
209 1 0 0 0 0 0 0 0 0
211 1 0 0 0 0 0 1 0 0
214 1 0 0 0 0 0 1 0 0
215 2 0 0 1 0 0 0 0 0
fn=_dl_count_modids
222 2 1 1 1 0 0 0 0 0
223 1 0 0 1 1 1 0 0 0
238 2 1 1 1 0 0 0 0 0
fn=_dl_determine_tlsoffset
243 5 1 1 0 0 0 4 0 0
244 2 0 0 0 0 0 0 0 0
245 1 0 0 0 0 0 0 0 0
246 1 0 0 0 0 0 0 0 0
278 1 0 0 0 0 0 0 0 0
280 11 1 1 1 0 0 0 0 0
281 4 0 0 4 0 0 0 0 0
283 12 1 1 4 0 0 0 0 0
286 3 0 0 1 0 0 0 0 0
287 2 1 1 1 0 0 0 0 0
289 2 0 0 0 0 0 0 0 0
291 4 0 0 0 0 0 0 0 0
307 8 0 0 0 0 0 0 0 0
309 2 0 0 0 0 0 0 0 0
310 1 0 0 0 0 0 0 0 0
315 1 0 0 0 0 0 0 0 0
319 1 0 0 0 0 0 1 0 0
336 3 0 0 0 0 0 0 0 0
342 9 1 1 0 0 0 0 0 0
353 3 0 0 0 0 0 1 0 0
355 1 0 0 0 0 0 1 0 0
356 7 0 0 1 0 0 0 0 0
358 2 0 0 0 0 0 1 0 0
447 1 0 0 0 0 0 1 0 0
448 6 0 0 5 0 0 0 0 0
fn=_dl_tls_initial_modid_limit_setup
1125 1 1 1 1 0 0 0 0 0
1128 7 0 0 1 0 0 0 0 0
1130 6 0 0 2 1 1 0 0 0
1131 4 0 0 0 0 0 0 0 0
1134 2 0 0 1 0 0 0 0 0
1137 1 0 0 0 0 0 1 1 1
1138 1 0 0 1 0 0 0 0 0
fn=_dl_tls_static_surplus_init
111 3 0 0 0 0 0 0 0 0
125 5 2 2 0 0 0 3 0 0
128 6 0 0 1 0 0 1 0 0
129 5 0 0 1 0 0 1 0 0
130 3 0 0 0 0 0 0 0 0
132 4 1 1 0 0 0 0 0 0
135 1 0 0 0 0 0 0 0 0
137 1 0 0 0 0 0 1 0 0
139 3 0 0 0 0 0 1 0 0
140 5 0 0 4 0 0 0 0 0
fn=allocate_dtv
452 4 1 1 0 0 0 2 0 0
457 1 0 0 1 0 0 0 0 0
461 1 0 0 0 0 0 0 0 0
462 1 0 0 0 0 0 0 0 0
463 2 0 0 0 0 0 0 0 0
466 1 0 0 0 0 0 1 1 1
472 3 0 0 0 0 0 1 0 0
478 4 0 0 3 0 0 0 0 0
fl=./elf/../include/list.h
fn=__tls_init_tp
43 2 1 1 1 1 0 1 0 0
44 2 0 0 0 0 0 1 0 0
45 1 0 0 0 0 0 1 0 0
47 1 0 0 0 0 0 1 0 0
fl=./elf/../include/rtld-malloc.h
fn=__minimal_calloc
56 8 1 1 8 0 0 0 0 0
fn=_dl_allocate_tls_storage
56 1 0 0 1 0 0 1 0 0
fn=_dl_check_map_versions
44 9 1 1 3 0 0 3 0 0
fn=_dl_find_object_init
56 2 0 0 1 0 0 1 0 0
fn=_dl_important_hwcaps
56 4 1 1 2 0 0 2 0 0
fn=_dl_init_paths
56 5 0 0 3 0 0 3 0 0
fn=_dl_map_object_deps
56 6 2 2 3 0 0 3 0 0
fn=_dl_new_object
44 9 1 1 3 0 0 3 0 0
56 6 0 0 2 0 0 2 0 0
fn=allocate_dtv
44 2 0 0 1 0 0 1 0 0
fn=fillin_rpath.isra.0
50 2 1 1 1 0 0 1 0 0
51 1 0 0 0 0 0 0 0 0
56 2 0 0 1 0 0 1 0 0
fn=init_tls
44 2 0 0 1 0 0 1 0 0
fl=./elf/../include/scratch_buffer.h
fn=_dl_map_object_deps
77 2 0 0 0 0 0 1 1 1
78 1 0 0 0 0 0 1 0 0
85 3 1 1 1 0 0 0 0 0
131 6 0 0 0 0 0 2 0 0
fl=./elf/../misc/sbrk.c
fn=sbrk
37 4 1 1 0 0 0 2 0 0
40 1 0 0 1 0 0 0 0 0
58 2 0 0 0 0 0 0 0 0
62 2 0 0 0 0 0 0 0 0
78 5 1 1 3 0 0 0 0 0
fl=./elf/../nptl/nptl-stack.h
fn=__libc_early_init
61 8 1 1 2 0 0 0 0 0
fl=./elf/../sysdeps/generic/_itoa.h
fn=_dl_check_map_versions
76 6 0 0 2 0 0 4 0 0
fl=./elf/../sysdeps/generic/dl-cache.h
fn=_dl_load_cache_lookup
194 1 1 1 1 0 0 0 0 0
195 5 0 0 0 0 0 0 0 0
fn=search_cache
125 1 0 0 1 0 0 0 0 0
fl=./elf/../sysdeps/generic/dl-call_tls_init_tp.h
fn=init_tls
31 8 0 0 0 0 0 2 0 0
33 1 0 0 0 0 0 1 0 0
fl=./elf/../sysdeps/generic/dl-debug.h
fn=dl_main
29 3 0 0 1 0 0 0 0 0
30 1 0 0 0 0 0 1 0 0
fl=./elf/../sysdeps/generic/dl-hash.h
fn=__rtld_malloc_init_real
43 6 0 0 0 0 0 0 0 0
44 1 0 0 0 0 0 0 0 0
45 19 0 0 6 0 0 0 0 0
48 18 1 1 0 0 0 0 0 0
62 24 0 0 0 0 0 0 0 0
67 1 0 0 0 0 0 0 0 0
72 1 1 1 0 0 0 1 0 0
fl=./elf/../sysdeps/generic/dl-new-hash.h
fn=_dl_lookup_symbol_x
69 110 0 0 0 0 0 0 0 0
70 220 0 0 0 0 0 0 0 0
74 831 0 0 831 92 88 0 0 0
77 1662 1 1 0 0 0 0 0 0
80 772 0 0 772 12 11 0 0 0
81 1544 0 0 0 0 0 0 0 0
87 51 1 1 0 0 0 0 0 0
88 51 0 0 0 0 0 0 0 0
89 102 0 0 0 0 0 0 0 0
90 51 0 0 0 0 0 0 0 0
99 721 0 0 0 0 0 0 0 0
101 721 0 0 0 0 0 0 0 0
102 1442 0 0 0 0 0 0 0 0
104 721 0 0 0 0 0 0 0 0
105 721 0 0 0 0 0 0 0 0
fl=./elf/../sysdeps/generic/dl-protected.h
fn=do_lookup_x
29 426 0 0 0 0 0 110 0 0
fl=./elf/../sysdeps/generic/ldsodefs.h
fn=_dl_new_object
1348 48 0 0 0 0 0 0 0 0
fn=_dl_relocate_object_no_relro
79 23 2 2 9 0 0 0 0 0
140 303 0 0 101 0 0 0 0 0
fn=_dl_start
79 6 0 0 2 0 0 0 0 0
fn=do_lookup_x
139 206 1 1 103 0 0 0 0 0
140 309 0 0 0 0 0 0 0 0
fl=./elf/../sysdeps/nptl/dl-mutex.c
fn=__rtld_mutex_init
30 3 1 0 0 0 0 3 0 0
37 1 0 0 1 0 0 0 0 0
40 7 1 1 0 0 0 1 0 0
44 2 0 0 0 0 0 0 0 0
45 9 1 1 3 0 0 1 0 0
47 6 0 0 0 0 0 1 0 0
51 2 0 0 0 0 0 0 0 0
52 7 1 1 3 0 0 1 0 0
53 4 0 0 4 0 0 0 0 0
fl=./elf/../sysdeps/nptl/dl-tls_init_tp.c
fn=__tls_init_tp
69 3 0 0 0 0 0 2 0 0
70 1 0 0 1 0 0 0 0 0
73 1 0 0 0 0 0 0 0 0
76 4 1 1 0 0 0 1 0 0
77 2 0 0 0 0 0 1 0 0
78 1 0 0 0 0 0 1 0 0
83 2 0 0 1 0 0 1 0 0
88 4 0 0 0 0 0 1 0 0
91 1 0 0 0 0 0 1 0 0
94 3 1 1 0 0 0 0 0 0
110 4 0 0 0 0 0 1 0 0
112 1 0 0 0 0 0 1 0 0
118 2 0 0 1 0 0 1 0 0
119 4 0 0 3 0 0 0 0 0
fn=__tls_pre_init_tp
54 2 1 1 0 0 0 0 0 0
57 10 1 1 0 0 0 3 1 1
62 2 0 0 0 0 0 1 0 0
63 1 0 0 0 0 0 1 0 0
65 1 0 0 1 0 0 0 0 0
fn=rtld_mutex_dummy
45 16 0 0 8 0 0 0 0 0
fl=./elf/../sysdeps/nptl/pthread_early_init.h
fn=__libc_early_init
33 6 0 0 0 0 0 1 0 0
34 1 0 0 1 0 0 0 0 0
38 5 0 0 0 0 0 0 0 0
45 2 0 0 2 1 0 0 0 0
46 1 0 0 0 0 0 0 0 0
48 2 0 0 0 0 0 0 0 0
52 5 0 0 0 0 0 1 0 0
53 1 1 1 0 0 0 1 0 0
54 1 0 0 0 0 0 1 1 1
56 1 0 0 0 0 0 1 0 0
fl=./elf/../sysdeps/posix/dl-fileid.h
fn=_dl_map_object_from_fd
37 10 2 2 2 0 0 2 1 1
40 4 0 0 2 1 1 2 0 0
49 12 0 0 6 1 1 0 0 0
fl=./elf/../sysdeps/unix/sysv/linux/brk.c
fn=brk
37 1 0 0 0 0 0 1 1 1
38 2 1 1 0 0 0 0 0 0
44 1 0 0 0 0 0 0 0 0
45 1 0 0 1 0 0 0 0 0
fl=./elf/../sysdeps/unix/sysv/linux/brk_call.h
fn=brk
24 2 1 1 0 0 0 0 0 0
fl=./elf/../sysdeps/unix/sysv/linux/dl-extra_tls.h
fn=_dl_determine_tlsoffset
32 5 1 1 0 0 0 1 0 0
33 3 0 0 1 0 0 0 0 0
37 10 1 1 2 0 0 0 0 0
44 1 0 0 0 0 0 0 0 0
51 4 0 0 0 0 0 1 0 0
52 3 0 0 1 0 0 0 0 0
54 1 1 1 1 0 0 0 0 0
fl=./elf/../sysdeps/unix/sysv/linux/dl-osinfo.h
fn=dl_main
39 2 0 0 1 0 0 0 0 0
52 1 0 0 1 0 0 0 0 0
fl=./elf/../sysdeps/unix/sysv/linux/dl-parse_auxv.h
fn=_dl_sysdep_parse_arguments
33 2 0 0 0 0 0 1 0 0
34 1 0 0 0 0 0 1 0 0
35 1 1 1 0 0 0 1 0 0
42 93 0 0 23 6 6 0 0 0
43 44 0 0 0 0 0 0 0 0
44 44 0 0 22 0 0 22 0 0
46 1 0 0 0 0 0 1 0 0
47 2 1 1 1 0 0 1 0 0
48 2 0 0 1 0 0 1 0 0
49 3 1 1 2 0 0 1 0 0
50 2 0 0 1 0 0 1 0 0
51 2 0 0 1 0 0 1 0 0
52 2 0 0 1 0 0 1 0 0
53 2 0 0 1 0 0 1 1 1
54 2 0 0 1 0 0 1 0 0
55 2 0 0 1 0 0 1 0 0
57 2 0 0 1 0 0 1 0 0
65 6 1 1 2 0 0 1 1 1
67 4 0 0 2 0 0 1 1 1
fl=./elf/../sysdeps/unix/sysv/linux/dl-sysdep.c
fn=_dl_sysdep_parse_arguments
79 8 1 1 0 0 0 6 1 1
80 2 0 0 1 0 0 1 1 1
81 2 0 0 0 0 0 1 0 0
82 3 0 0 0 0 0 1 1 1
83 46 1 1 0 0 0 0 0 0
84 95 0 0 47 6 6 0 0 0
87 2 0 0 0 0 0 1 1 1
91 56 0 0 0 0 0 52 6 6
94 2 0 0 1 0 0 1 0 0
95 4 1 1 2 0 0 2 1 1
96 2 0 0 1 0 0 1 0 0
97 8 0 0 7 0 0 0 0 0
fn=_dl_sysdep_start
103 3 1 1 0 0 0 1 0 0
104 1 0 0 0 0 0 1 0 0
107 2 0 0 0 0 0 1 1 1
111 2 0 0 1 0 0 1 0 0
114 1 0 0 0 0 0 1 0 0
116 2 0 0 0 0 0 1 0 0
123 3 0 0 1 0 0 0 0 0
124 2 0 0 0 0 0 2 0 0
126 5 0 0 0 0 0 1 0 0
138 3 0 0 1 0 0 0 0 0
141 5 1 1 3 0 0 1 0 0
144 4 1 0 3 1 0 0 0 0
fn=_dl_sysdep_start_cleanup
149 1 1 1 1 0 0 0 0 0
fl=./elf/../sysdeps/unix/sysv/linux/dl-vdso-setup.h
fn=dl_main
30 1 0 0 0 0 0 1 0 0
33 1 0 0 0 0 0 1 0 0
36 1 0 0 0 0 0 1 0 0
39 1 0 0 0 0 0 1 0 0
45 1 0 0 0 0 0 1 0 0
54 1 0 0 0 0 0 1 0 0
fl=./elf/../sysdeps/unix/sysv/linux/dl-vdso.h
fn=dl_main
40 2 1 1 1 0 0 0 0 0
41 5 1 1 0 0 0 2 0 0
55 2 1 1 0 0 0 0 0 0
fl=./elf/../sysdeps/unix/sysv/linux/rseq-internal.h
fn=__tls_init_tp
93 3 0 0 2 0 0 0 0 0
100 3 0 0 1 0 0 0 0 0
108 4 1 1 1 0 0 0 0 0
112 4 1 1 0 0 0 1 0 0
116 1 0 0 0 0 0 1 0 0
118 5 0 0 0 0 0 0 0 0
119 2 0 0 0 0 0 0 0 0
124 1 0 0 0 0 0 1 0 0
fl=./elf/../sysdeps/unix/sysv/linux/x86/dl-hwcap2.h
fn=update_active.constprop.0
25 2 0 0 1 0 0 0 0 0
fl=./elf/../sysdeps/unix/sysv/linux/x86/dl-minsigstacksize.h
fn=get_common_indices.constprop.0
24 2 1 1 1 0 0 0 0 0
27 2 0 0 1 0 0 0 0 0
28 2 0 0 1 0 0 0 0 0
65 3 0 0 0 0 0 0 0 0
72 1 0 0 0 0 0 0 0 0
74 1 0 0 0 0 0 1 0 0
fl=./elf/../sysdeps/x86/cpu-features.c
fn=get_common_indices.constprop.0
431 1 1 1 0 0 0 1 0 0
435 4 0 0 0 0 0 0 0 0
438 5 0 0 0 0 0 3 0 0
442 1 1 1 0 0 0 1 0 0
443 4 0 0 0 0 0 1 0 0
444 4 0 0 0 0 0 1 0 0
445 4 0 0 0 0 0 1 0 0
446 3 0 0 0 0 0 1 0 0
447 2 0 0 1 0 0 0 0 0
454 2 0 0 1 0 0 0 0 0
456 9 1 1 0 0 0 4 1 1
461 8 1 1 0 0 0 4 1 1
468 2 0 0 1 0 0 0 0 0
469 7 0 0 0 0 0 4 1 1
475 2 0 0 1 0 0 0 0 0
490 2 0 0 2 0 0 0 0 0
fn=init_cpu_features.constprop.0
409 3 0 0 0 0 0 0 0 0
410 2 0 0 0 0 0 0 0 0
411 6 1 1 0 0 0 4 0 0
416 2 0 0 0 0 0 0 0 0
417 6 0 0 0 0 0 4 0 0
422 2 0 0 0 0 0 0 0 0
423 6 1 1 0 0 0 4 0 0
565 4 0 0 1 1 1 0 0 0
728 7 1 1 0 0 0 6 0 0
731 1 0 0 0 0 0 1 0 0
732 1 0 0 0 0 0 1 0 0
733 1 1 1 0 0 0 1 0 0
740 1 0 0 1 1 1 0 0 0
742 1 0 0 0 0 0 1 1 1
751 3 0 0 0 0 0 1 0 0
754 6 0 0 0 0 0 0 0 0
755 1 1 1 0 0 0 0 0 0
758 1 0 0 0 0 0 0 0 0
760 6 1 1 0 0 0 1 0 0
765 1 0 0 0 0 0 1 0 0
769 1 0 0 1 0 0 0 0 0
770 3 0 0 0 0 0 1 0 0
773 3 0 0 1 0 0 0 0 0
775 4 3 3 2 0 0 1 0 0
781 5 0 0 0 0 0 0 0 0
788 1 0 0 1 0 0 0 0 0
809 1 0 0 1 0 0 0 0 0
811 2 0 0 1 0 0 1 0 0
818 2 1 1 0 0 0 0 0 0
821 2 0 0 0 0 0 1 0 0
901 2 1 1 1 0 0 0 0 0
908 2 0 0 0 0 0 1 0 0
926 1 0 0 0 0 0 1 0 0
927 2 0 0 0 0 0 0 0 0
968 2 0 0 1 0 0 0 0 0
975 2 0 0 1 0 0 0 0 0
977 2 0 0 0 0 0 1 0 0
981 2 0 0 0 0 0 0 0 0
987 2 1 1 1 0 0 0 0 0
1135 3 1 1 1 0 0 0 0 0
1136 2 0 0 0 0 0 1 0 0
1139 2 1 1 0 0 0 0 0 0
1140 2 0 0 0 0 0 1 0 0
1143 4 0 0 0 0 0 0 0 0
1150 1 0 0 0 0 0 1 0 0
1151 1 0 0 0 0 0 1 0 0
1152 1 0 0 0 0 0 1 0 0
1153 1 0 0 0 0 0 1 0 0
1157 4 0 0 0 0 0 1 0 0
1160 4 1 1 0 0 0 1 0 0
1169 3 0 0 1 0 0 0 0 0
1173 1 0 0 1 0 0 0 0 0
1182 2 1 1 0 0 0 0 0 0
1183 3 0 0 0 0 0 0 0 0
1223 1 0 0 0 0 0 1 0 0
1224 2 0 0 1 0 0 0 0 0
1228 3 1 1 1 0 0 0 0 0
1245 2 1 1 0 0 0 0 0 0
1246 3 0 0 1 0 0 0 0 0
1248 3 0 0 0 0 0 0 0 0
1249 2 1 1 1 0 0 0 0 0
1251 4 0 0 0 0 0 0 0 0
1252 1 0 0 0 0 0 0 0 0
1255 2 0 0 0 0 0 1 0 0
1275 2 0 0 0 0 0 0 0 0
1276 1 0 0 1 0 0 0 0 0
1278 7 1 1 1 0 0 0 0 0
1281 1 1 1 0 0 0 1 1 1
1284 1 0 0 0 0 0 1 0 0
1316 4 0 0 0 0 0 1 0 0
1323 8 0 0 7 0 0 0 0 0
fn=update_active.constprop.0
90 7 1 1 0 0 0 6 0 0
94 1 1 1 1 0 0 0 0 0
102 3 0 0 1 0 0 0 0 0
103 3 0 0 0 0 0 0 0 0
104 1 0 0 1 0 0 0 0 0
112 4 1 1 1 0 0 1 0 0
113 1 0 0 1 0 0 0 0 0
121 3 0 0 1 0 0 0 0 0
122 1 0 0 1 0 0 0 0 0
127 4 0 0 0 0 0 1 0 0
130 5 1 1 1 0 0 1 0 0
131 1 0 0 1 0 0 0 0 0
134 5 0 0 1 0 0 2 0 0
135 2 0 0 1 0 0 1 0 0
139 5 0 0 1 0 0 1 0 0
140 3 0 0 2 0 0 0 0 0
141 3 1 1 2 0 0 0 0 0
142 2 0 0 1 0 0 1 0 0
146 4 0 0 1 0 0 1 0 0
147 5 1 1 2 0 0 1 0 0
148 3 0 0 2 1 1 0 0 0
151 6 0 0 0 0 0 1 0 0
163 1 0 0 0 0 0 1 0 0
165 2 1 1 0 0 0 0 0 0
169 5 0 0 0 0 0 2 0 0
170 3 0 0 0 0 0 1 0 0
172 3 0 0 0 0 0 0 0 0
176 2 1 1 0 0 0 0 0 0
178 1 0 0 0 0 0 1 0 0
179 1 0 0 0 0 0 0 0 0
182 2 0 0 0 0 0 0 0 0
184 2 0 0 0 0 0 1 0 0
188 1 0 0 0 0 0 0 0 0
189 1 1 1 1 0 0 0 0 0
196 4 0 0 1 0 0 1 0 0
198 5 1 1 1 0 0 1 0 0
204 4 1 1 0 0 0 1 0 0
206 4 0 0 1 0 0 1 0 0
208 3 0 0 0 0 0 1 0 0
213 4 0 0 1 0 0 0 0 0
262 2 0 0 0 0 0 0 0 0
263 3 1 1 1 0 0 0 0 0
279 4 1 1 1 0 0 0 0 0
295 2 0 0 1 0 0 0 0 0
299 1 0 0 1 0 0 0 0 0
300 1 1 1 1 0 0 0 0 0
303 4 0 0 1 0 0 1 0 0
307 2 0 0 0 0 0 0 0 0
311 4 1 1 0 0 0 0 0 0
312 2 0 0 0 0 0 0 0 0
316 1 0 0 0 0 0 0 0 0
317 1 1 1 0 0 0 0 0 0
320 2 0 0 0 0 0 1 0 0
322 1 0 0 0 0 0 1 0 0
323 1 0 0 0 0 0 1 1 1
326 2 0 0 0 0 0 0 0 0
389 2 0 0 0 0 0 0 0 0
393 3 1 1 1 0 0 0 0 0
402 1 0 0 0 0 0 1 0 0
403 8 0 0 7 0 0 0 0 0
fl=./elf/../sysdeps/x86/dl-cacheinfo.h
fn=get_common_cache_info.constprop.0
613 10 1 1 0 0 0 6 0 0
628 1 1 1 1 0 0 0 0 0
631 1 0 0 1 0 0 0 0 0
632 1 0 0 1 0 0 0 0 0
638 1 1 1 0 0 0 1 0 0
640 11 0 0 3 0 0 1 0 0
643 2 0 0 0 0 0 0 0 0
655 1 0 0 0 0 0 1 0 0
660 4 0 0 1 0 0 0 0 0
664 2 0 0 0 0 0 0 0 0
669 1 0 0 0 0 0 0 0 0
672 20 1 1 0 0 0 1 0 0
678 8 0 0 0 0 0 0 0 0
679 8 0 0 0 0 0 0 0 0
682 26 1 1 0 0 0 0 0 0
687 2 1 1 0 0 0 0 0 0
691 3 0 0 0 0 0 0 0 0
692 1 0 0 0 0 0 0 0 0
696 2 0 0 0 0 0 0 0 0
700 3 0 0 0 0 0 1 0 0
703 4 0 0 0 0 0 1 0 0
704 1 0 0 0 0 0 0 0 0
709 4 0 0 0 0 0 0 0 0
715 4 1 1 0 0 0 0 0 0
723 8 0 0 1 0 0 0 0 0
725 3 0 0 1 0 0 0 0 0
727 8 0 0 1 0 0 0 0 0
729 7 1 1 0 0 0 0 0 0
732 2 0 0 0 0 0 0 0 0
733 8 0 0 0 0 0 0 0 0
735 4 1 1 0 0 0 0 0 0
738 2 0 0 0 0 0 0 0 0
743 1 0 0 0 0 0 0 0 0
745 10 0 0 0 0 0 1 0 0
746 3 0 0 0 0 0 0 0 0
747 1 0 0 0 0 0 0 0 0
750 3 0 0 0 0 0 0 0 0
753 2 1 1 0 0 0 0 0 0
757 2 0 0 1 0 0 0 0 0
760 1 0 0 1 0 0 0 0 0
762 4 0 0 0 0 0 0 0 0
763 2 0 0 0 0 0 1 0 0
768 2 1 1 0 0 0 0 0 0
773 2 0 0 0 0 0 0 0 0
774 1 0 0 0 0 0 0 0 0
775 3 1 1 1 0 0 0 0 0
776 2 0 0 0 0 0 1 0 0
777 2 0 0 1 0 0 0 0 0
801 3 0 0 1 0 0 0 0 0
812 4 1 1 0 0 0 0 0 0
813 5 0 0 0 0 0 0 0 0
817 2 0 0 1 0 0 0 0 0
824 1 0 0 0 0 0 1 0 0
825 1 0 0 0 0 0 1 0 0
826 1 0 0 0 0 0 1 0 0
827 7 1 1 7 0 0 0 0 0
fn=handle_intel.constprop.0
250 84 0 0 0 0 0 72 0 0
255 24 1 1 12 0 0 0 0 0
261 12 0 0 0 0 0 12 0 0
262 12 0 0 0 0 0 12 0 0
267 60 1 1 0 0 0 0 0 0
271 24 0 0 0 0 0 0 0 0
276 24 1 1 0 0 0 0 0 0
279 60 0 0 0 0 0 12 0 0
281 24 0 0 0 0 0 0 0 0
284 60 0 0 0 0 0 12 0 0
286 24 1 1 0 0 0 0 0 0
305 96 0 0 84 0 0 0 0 0
fn=init_cpu_features.constprop.0
834 1 1 1 0 0 0 1 0 0
835 1 0 0 0 0 0 1 0 0
836 1 0 0 0 0 0 1 0 0
850 2 0 0 0 0 0 0 0 0
852 4 2 2 0 0 0 2 0 0
853 4 0 0 0 0 0 2 0 0
854 1 0 0 0 0 0 1 0 0
857 3 0 0 0 0 0 2 0 0
859 3 1 1 0 0 0 2 0 0
860 1 0 0 0 0 0 1 0 0
862 3 0 0 0 0 0 2 0 0
864 3 0 0 0 0 0 2 0 0
866 3 0 0 0 0 0 2 0 0
868 3 1 1 0 0 0 2 0 0
870 3 0 0 0 0 0 2 0 0
873 3 0 0 0 0 0 2 0 0
875 3 0 0 0 0 0 2 0 0
877 3 0 0 0 0 0 2 0 0
879 8 1 1 3 0 0 2 0 0
953 1 0 0 0 0 0 1 1 1
954 2 1 1 1 0 0 1 0 0
955 2 0 0 1 0 0 1 0 0
956 2 1 1 1 0 0 1 0 0
957 2 0 0 1 0 0 1 0 0
958 1 0 0 0 0 0 1 1 1
959 1 0 0 0 0 0 1 0 0
960 2 0 0 1 0 0 1 0 0
961 1 0 0 0 0 0 1 0 0
962 2 0 0 1 0 0 1 0 0
963 1 0 0 0 0 0 1 0 0
964 1 0 0 0 0 0 1 0 0
969 3 0 0 0 0 0 0 0 0
983 3 0 0 1 0 0 0 0 0
984 7 1 1 5 0 0 2 0 0
989 2 0 0 0 0 0 0 0 0
990 5 0 0 1 0 0 0 0 0
991 2 0 0 0 0 0 0 0 0
999 6 0 0 0 0 0 2 0 0
1000 2 1 1 1 0 0 0 0 0
1020 6 0 0 0 0 0 0 0 0
1029 2 0 0 0 0 0 0 0 0
1030 2 1 1 0 0 0 0 0 0
1035 3 1 1 0 0 0 1 0 0
1038 1 0 0 0 0 0 0 0 0
1039 2 0 0 0 0 0 1 0 0
1049 3 0 0 1 0 0 0 0 0
1055 2 1 1 0 0 0 0 0 0
1062 5 0 0 1 0 0 1 0 0
1064 2 0 0 0 0 0 0 0 0
1067 5 0 0 1 0 0 1 0 0
1069 2 0 0 0 0 0 0 0 0
1075 3 1 1 1 0 0 0 0 0
1079 5 0 0 1 0 0 1 0 0
1080 5 1 1 0 0 0 1 0 0
1084 5 0 0 1 0 0 1 0 0
1085 5 1 1 0 0 0 1 0 0
1089 6 0 0 1 0 0 2 0 0
1090 4 0 0 2 0 0 1 0 0
1096 6 0 0 1 0 0 2 0 0
1098 3 0 0 2 0 0 0 0 0
1122 12 1 1 1 0 0 6 0 0
1128 2 1 1 1 0 0 0 0 0
1131 9 1 1 1 0 0 5 0 0
1133 9 1 1 1 0 0 5 0 0
1134 10 1 1 2 0 0 5 0 0
1135 13 1 1 1 0 0 6 0 0
1138 12 2 2 1 0 0 6 0 0
1146 1 0 0 0 0 0 1 0 0
1147 2 0 0 1 0 0 1 0 0
1148 2 0 0 1 0 0 1 0 0
1149 2 1 1 1 0 0 1 0 0
1150 2 0 0 1 0 0 1 0 0
1151 1 0 0 0 0 0 1 0 0
1152 1 0 0 0 0 0 1 0 0
fn=intel_check_word.constprop.0
110 648 0 0 324 6 6 0 0 0
113 588 1 1 0 0 0 0 0 0
119 144 0 0 0 0 0 96 0 0
123 48 1 1 0 0 0 0 0 0
125 12 0 0 0 0 0 0 0 0
129 144 0 0 0 0 0 0 0 0
131 144 0 0 0 0 0 0 0 0
133 60 0 0 0 0 0 0 0 0
135 120 1 1 0 0 0 0 0 0
143 120 0 0 0 0 0 0 0 0
152 24 0 0 0 0 0 0 0 0
155 111 0 0 0 0 0 0 0 0
158 99 0 0 0 0 0 0 0 0
162 64 1 1 0 0 0 0 0 0
164 192 0 0 0 0 0 0 0 0
165 24 0 0 0 0 0 0 0 0
167 104 1 1 0 0 0 0 0 0
168 96 0 0 0 0 0 0 0 0
169 84 0 0 0 0 0 0 0 0
170 72 0 0 0 0 0 0 0 0
172 11 0 0 0 0 0 0 0 0
174 22 1 1 0 0 0 0 0 0
176 12 1 1 0 0 0 0 0 0
177 16 0 0 0 0 0 0 0 0
178 12 0 0 0 0 0 0 0 0
179 20 0 0 0 0 0 0 0 0
180 14 0 0 0 0 0 0 0 0
181 12 0 0 0 0 0 0 0 0
183 8 0 0 0 0 0 0 0 0
184 12 0 0 0 0 0 0 0 0
187 21 0 0 0 0 0 0 0 0
190 2 0 0 0 0 0 0 0 0
194 192 0 0 0 0 0 0 0 0
202 168 1 1 48 0 0 0 0 0
216 168 0 0 0 0 0 0 0 0
246 144 0 0 120 0 0 0 0 0
fl=./elf/../sysdeps/x86/dl-get-cpu-features.c
fn=__x86_cpu_features
39 3 1 0 1 0 0 0 0 0
76 2 0 0 1 0 0 0 0 0
fn=_dl_x86_init_cpu_features
39 3 1 1 1 0 0 0 0 0
41 1 1 1 0 0 0 0 0 0
fl=./elf/../sysdeps/x86/dl-prop.h
fn=_dl_map_object_from_fd
149 10 1 1 5 0 0 0 0 0
fn=_dl_process_pt_gnu_property
95 8 1 1 0 0 0 0 0 0
102 4 0 0 0 0 0 0 0 0
115 4 0 0 0 0 0 0 0 0
118 2 0 0 2 0 0 0 0 0
252 4 0 0 0 0 0 0 0 0
253 2 0 0 0 0 0 2 0 0
257 8 1 1 2 0 0 2 0 0
260 2 0 0 2 0 0 0 0 0
fn=dl_main
36 1 0 0 1 0 0 0 0 0
37 15 1 1 0 0 0 0 0 0
40 5 0 0 5 0 0 0 0 0
49 22 0 0 7 0 0 0 0 0
53 19 1 1 5 0 0 0 0 0
149 6 0 0 3 0 0 0 0 0
fl=./elf/../sysdeps/x86/get-isa-level.h
fn=_dl_hwcaps_subdirs_active
30 4 0 0 0 0 0 0 0 0
31 1 1 1 1 0 0 0 0 0
32 3 1 1 1 0 0 0 0 0
36 3 0 0 0 0 0 0 0 0
39 4 0 0 1 0 0 0 0 0
40 4 0 0 1 0 0 0 0 0
45 4 0 0 0 0 0 0 0 0
48 2 1 1 0 0 0 0 0 0
51 5 0 0 1 0 0 0 0 0
53 4 0 0 0 0 0 0 0 0
54 2 0 0 0 0 0 0 0 0
55 2 0 0 0 0 0 0 0 0
58 4 1 1 0 0 0 0 0 0
fn=update_active.constprop.0
28 1 0 0 0 0 0 0 0 0
30 4 0 0 0 0 0 0 0 0
31 1 0 0 1 0 0 0 0 0
32 3 0 0 0 0 0 0 0 0
36 3 0 0 0 0 0 0 0 0
38 1 0 0 0 0 0 0 0 0
39 3 1 1 1 0 0 0 0 0
40 4 1 1 1 0 0 0 0 0
45 4 0 0 0 0 0 0 0 0
47 1 0 0 0 0 0 0 0 0
48 2 0 0 0 0 0 0 0 0
51 5 1 1 1 0 0 0 0 0
53 4 0 0 0 0 0 0 0 0
54 2 0 0 0 0 0 0 0 0
55 2 0 0 0 0 0 0 0 0
57 1 0 0 0 0 0 0 0 0
58 4 0 0 0 0 0 0 0 0
fl=./elf/../sysdeps/x86_64/dl-hwcaps-subdirs.c
fn=_dl_hwcaps_subdirs_active
38 3 0 0 0 0 0 0 0 0
43 1 0 0 0 0 0 0 0 0
48 1 0 0 0 0 0 0 0 0
52 1 0 0 1 0 0 0 0 0
fl=./elf/../sysdeps/x86_64/dl-irel.h
fn=_dl_fixup
32 2 2 1 0 0 0 2 0 0
fl=./elf/../sysdeps/x86_64/dl-machine.h
fn=_dl_fixup
223 11 0 0 0 0 0 11 0 0
fn=_dl_relocate_object_no_relro
78 12 1 1 3 0 0 0 0 0
84 4 0 0 3 1 0 0 0 0
88 3 0 0 1 1 1 0 0 0
94 1 0 0 0 0 0 1 0 0
103 3 0 0 1 0 0 0 0 0
126 2 0 0 1 1 0 1 0 0
262 232 1 1 0 0 0 0 0 0
269 232 1 1 0 0 0 0 0 0
273 232 0 0 0 0 0 0 0 0
282 1316 4 4 421 1 0 0 0 0
285 94 0 0 94 0 0 0 0 0
286 624 0 0 0 0 0 0 0 0
312 696 1 1 116 3 3 0 0 0
315 15 1 1 0 0 0 15 0 0
318 15 0 0 0 0 0 0 0 0
395 48 1 1 16 0 0 0 0 0
397 64 0 0 16 0 0 0 0 0
401 48 1 1 32 2 2 0 0 0
410 32 0 0 16 0 0 16 6 6
418 196 1 1 99 2 2 97 15 14
449 15 1 1 0 0 0 0 0 0
455 9 0 0 3 0 0 0 0 0
459 12 1 1 3 0 0 6 0 0
460 12 0 0 6 0 0 0 0 0
461 15 0 0 9 0 0 0 0 0
462 6 0 0 0 0 0 0 0 0
471 94 0 0 94 0 0 0 0 0
472 141 0 0 47 0 0 0 0 0
473 47 0 0 0 0 0 47 0 0
474 47 1 1 0 0 0 47 2 0
493 78 0 0 26 3 3 0 0 0
494 26 0 0 0 0 0 26 7 4
498 52 0 0 0 0 0 0 0 0
499 52 0 0 26 4 4 0 0 0
509 52 0 0 26 0 0 0 0 0
513 52 0 0 0 0 0 0 0 0
516 78 0 0 26 0 0 0 0 0
517 26 0 0 26 3 3 0 0 0
725 20 1 1 8 0 0 0 0 0
729 4 0 0 2 0 0 0 0 0
fn=_dl_start
273 2 0 0 0 0 0 0 0 0
282 10 0 0 4 2 2 0 0 0
286 4 1 1 0 0 0 0 0 0
312 4 0 0 0 0 0 0 0 0
fn=_dl_sysdep_start
209 1 1 1 0 0 0 1 0 0
fl=./elf/../sysdeps/x86_64/dl-runtime.h
fn=_dl_fixup
28 11 0 0 0 0 0 0 0 0
fl=./elf/../sysdeps/x86_64/dl-trampoline.h
fn=_dl_runtime_resolve_xsave
44 11 1 1 0 0 0 11 0 0
47 11 0 0 0 0 0 0 0 0
49 11 0 0 0 0 0 0 0 0
59 11 0 0 11 2 0 0 0 0
65 11 0 0 0 0 0 11 2 1
66 11 0 0 0 0 0 11 0 0
67 11 0 0 0 0 0 11 0 0
68 11 0 0 0 0 0 11 0 0
69 11 0 0 0 0 0 11 0 0
70 11 0 0 0 0 0 11 0 0
71 11 0 0 0 0 0 11 0 0
75 11 0 0 0 0 0 0 0 0
76 11 0 0 0 0 0 0 0 0
79 11 0 0 0 0 0 11 3 0
80 11 1 1 0 0 0 11 0 0
82 11 0 0 0 0 0 11 0 0
83 11 0 0 0 0 0 11 0 0
84 11 0 0 0 0 0 11 0 0
85 11 0 0 0 0 0 11 0 0
86 11 0 0 0 0 0 11 0 0
87 11 0 0 0 0 0 11 0 0
89 11 0 0 11 0 0 363 24 0
96 11 1 1 11 0 0 0 0 0
97 11 0 0 11 0 0 0 0 0
98 11 0 0 0 0 0 11 2 1
99 11 0 0 0 0 0 0 0 0
104 11 0 0 0 0 0 0 0 0
105 11 0 0 0 0 0 0 0 0
106 11 0 0 396 0 0 0 0 0
108 11 0 0 11 0 0 0 0 0
109 11 0 0 11 0 0 0 0 0
110 11 0 0 11 0 0 0 0 0
111 11 0 0 11 0 0 0 0 0
112 11 0 0 11 0 0 0 0 0
113 11 0 0 11 0 0 0 0 0
114 11 0 0 11 0 0 0 0 0
116 11 0 0 0 0 0 0 0 0
118 11 1 1 11 0 0 0 0 0
122 11 0 0 0 0 0 0 0 0
124 11 0 0 0 0 0 0 0 0
fl=./elf/./dl-find_object.h
fn=_dl_find_object_from_map
95 8 1 1 4 0 0 4 3 3
96 8 0 0 4 0 0 4 0 0
97 4 0 0 0 0 0 4 0 0
103 4 0 0 4 0 0 0 0 0
105 20 0 0 8 3 0 0 0 0
106 113 1 1 0 0 0 0 0 0
107 78 0 0 39 33 0 0 0 0
109 12 0 0 8 0 0 4 0 0
114 4 0 0 4 0 0 0 0 0
fl=./elf/./dl-hwcaps.h
fn=_dl_important_hwcaps
43 7 1 1 1 0 0 4 1 1
45 5 0 0 0 0 0 4 0 0
46 1 0 0 0 0 0 0 0 0
77 5 1 1 2 0 0 3 0 0
78 3 0 0 0 0 0 3 0 0
79 3 0 0 0 0 0 0 0 0
fn=copy_hwcaps
43 2 0 0 0 0 0 2 0 0
45 4 0 0 0 0 0 2 0 0
77 2 0 0 0 0 0 2 0 0
78 2 0 0 0 0 0 2 0 0
79 6 1 1 4 0 0 0 0 0
fl=./elf/./dl-load.h
fn=_dl_map_object_from_fd
91 16 0 0 8 0 0 0 0 0
92 4 1 1 2 0 0 0 0 0
93 6 0 0 2 0 0 0 0 0
94 4 0 0 1 0 0 0 0 0
96 4 0 0 0 0 0 1 0 0
fl=./elf/./dl-main.h
fn=dl_main
109 5 2 2 4 0 0 1 0 0
fl=./elf/./dl-map-segments.h
fn=_dl_map_object_from_fd
28 6 0 0 2 0 0 0 0 0
29 18 2 2 8 0 0 4 0 0
81 2 1 1 2 0 0 0 0 0
101 2 0 0 0 0 0 2 0 0
102 6 0 0 2 0 0 0 0 0
105 6 0 0 2 0 0 2 0 0
106 4 0 0 0 0 0 2 0 0
108 4 0 0 2 0 0 0 0 0
125 2 1 1 2 0 0 0 0 0
135 48 1 1 8 0 0 0 0 0
137 24 0 0 12 0 0 0 0 0
139 66 1 1 30 0 0 12 0 0
149 32 0 0 16 0 0 0 0 0
155 4 0 0 2 0 0 0 0 0
156 2 0 0 0 0 0 0 0 0
157 6 1 1 2 0 0 0 0 0
158 4 0 0 0 0 0 0 0 0
160 6 0 0 0 0 0 0 0 0
165 4 0 0 0 0 0 0 0 0
168 6 0 0 2 0 0 0 0 0
176 22 0 0 6 0 0 8 0 0
182 4 0 0 0 0 0 0 0 0
186 9 1 1 1 0 0 2 0 0
189 3 0 0 1 0 0 0 0 0
194 8 1 1 0 0 0 0 0 0
fl=./elf/./dl-sym-post.h
fn=lookup_malloc_symbol
41 8 0 0 0 0 0 0 0 0
53 12 0 0 4 0 0 0 0 0
fl=./elf/./dl-tls_block_align.h
fn=_dl_allocate_tls_storage
23 1 0 0 1 0 0 0 0 0
41 2 0 0 1 0 0 0 0 0
47 5 0 0 0 0 0 0 0 0
48 1 1 1 0 0 0 0 0 0
52 305 0 0 0 0 0 297 37 37
fl=./elf/./elf/dl-audit.c
fn=_dl_audit_activity_map
29 8 1 1 0 0 0 7 0 0
30 1 0 0 1 0 0 0 0 0
31 3 1 1 1 0 0 0 0 0
37 8 1 1 7 0 0 0 0 0
fn=_dl_audit_activity_nsid
45 12 4 1 3 0 0 0 0 0
47 9 0 0 3 1 0 0 0 0
51 3 0 0 3 0 0 0 0 0
fn=_dl_audit_objclose
98 16 1 1 8 0 0 0 0 0
fn=_dl_audit_objopen
78 8 1 1 4 0 0 0 0 0
fn=_dl_audit_preinit
119 4 1 1 2 0 0 0 0 0
fl=./elf/./elf/dl-cache.c
fn=_dl_cache_libcmp
342 210 1 1 70 0 0 0 0 0
344 201 0 0 0 0 0 0 0 0
346 140 1 1 67 9 9 0 0 0
352 9 0 0 0 0 0 0 0 0
353 9 0 0 0 0 0 0 0 0
354 12 0 0 3 0 0 0 0 0
356 12 1 1 3 0 0 0 0 0
358 6 0 0 0 0 0 0 0 0
364 128 0 0 0 0 0 0 0 0
366 128 0 0 0 0 0 0 0 0
367 18 0 0 9 0 0 0 0 0
370 55 0 0 0 0 0 0 0 0
371 55 0 0 0 0 0 0 0 0
374 9 0 0 6 0 0 0 0 0
fn=_dl_load_cache_lookup
387 5 1 1 0 0 0 2 0 0
389 2 0 0 1 0 0 0 0 0
392 3 0 0 1 0 0 0 0 0
395 6 1 1 0 0 0 2 0 0
403 6 1 1 2 0 0 0 0 0
404 8 1 1 3 1 1 0 0 0
407 6 0 0 0 0 0 0 0 0
408 1 0 0 1 0 0 0 0 0
415 1 0 0 0 0 0 1 0 0
416 2 1 1 0 0 0 1 0 0
466 3 1 1 1 0 0 0 0 0
469 6 0 0 1 0 0 1 0 0
484 2 0 0 1 0 0 0 0 0
488 2 0 0 0 0 0 0 0 0
496 3 1 1 0 0 0 1 0 0
497 5 0 0 0 0 0 0 0 0
498 3 0 0 0 0 0 1 0 0
499 1 0 0 0 0 0 1 0 0
500 3 0 0 3 0 0 0 0 0
fn=_dl_unload_cache
509 1 1 1 0 0 0 0 0 0
510 4 1 1 1 1 0 0 0 0
512 2 0 0 1 0 0 1 0 0
513 1 0 0 0 0 0 1 0 0
517 1 0 0 0 0 0 1 0 0
519 2 0 0 1 0 0 0 0 0
fn=search_cache
187 18 0 0 0 0 0 0 0 0
199 10 2 2 0 0 0 9 0 0
200 3 0 0 0 0 0 0 0 0
207 21 0 0 0 0 0 0 0 0
209 45 1 1 0 0 0 0 0 0
210 19 0 0 9 9 9 0 0 0
214 18 0 0 0 0 0 0 0 0
215 10 1 1 2 0 0 2 0 0
218 27 0 0 9 0 0 9 0 0
219 18 0 0 0 0 0 0 0 0
227 10 1 1 1 0 0 0 0 0
229 6 0 0 3 0 0 0 0 0
232 6 0 0 0 0 0 0 0 0
234 18 0 0 0 0 0 3 0 0
236 6 1 1 0 0 0 2 0 0
246 2 0 0 0 0 0 0 0 0
256 3 1 1 2 0 0 0 0 0
257 4 0 0 1 0 0 0 0 0
264 2 0 0 1 0 0 0 0 0
273 11 1 1 2 0 0 1 0 0
282 2 0 0 1 0 0 0 0 0
287 2 0 0 0 0 0 0 0 0
314 3 0 0 1 0 0 1 0 0
330 8 0 0 0 0 0 0 0 0
331 5 0 0 0 0 0 0 0 0
333 3 0 0 0 0 0 0 0 0
337 9 1 1 8 0 0 0 0 0
fl=./elf/./elf/dl-call-libc-early-init.c
fn=_dl_call_libc_early_init
27 3 0 0 0 0 0 2 0 0
29 2 1 1 0 0 0 0 0 0
33 7 0 0 0 0 0 1 0 0
37 2 0 0 0 0 0 0 0 0
39 4 1 1 3 0 0 0 0 0
40 2 0 0 0 0 0 0 0 0
41 3 0 0 2 0 0 0 0 0
fl=./elf/./elf/dl-call_fini.c
fn=_dl_call_fini
24 16 1 0 0 0 0 12 0 0
28 8 0 0 4 0 0 0 0 0
32 4 0 0 4 0 0 0 0 0
34 4 1 1 4 4 0 0 0 0
35 8 0 0 0 0 0 0 0 0
38 4 0 0 4 2 0 0 0 0
39 6 0 0 4 0 0 0 0 0
42 18 0 0 0 0 0 0 0 0
43 2 1 1 2 2 0 2 0 0
47 4 0 0 4 4 0 0 0 0
48 8 0 0 0 0 0 0 0 0
49 6 0 0 4 0 0 0 0 0
50 14 0 0 14 0 0 0 0 0
fl=./elf/./elf/dl-catch.c
fn=_dl_catch_error
258 9 1 1 0 0 0 3 0 0
260 2 0 0 0 0 0 1 0 0
261 2 1 1 1 0 0 1 0 0
262 2 0 0 1 0 0 1 0 0
263 2 0 0 1 0 0 1 0 0
265 5 0 0 4 0 0 0 0 0
fn=_dl_catch_exception
58 9 0 0 3 1 1 0 0 0
59 6 1 1 3 1 1 3 0 0
69 6 0 0 3 0 0 0 0 0
70 15 0 0 3 0 0 6 0 0
208 15 1 1 0 0 0 12 2 2
211 6 1 1 0 0 0 0 0 0
218 3 0 0 0 0 0 0 0 0
232 6 0 0 3 0 0 3 0 0
233 6 0 0 0 0 0 3 2 2
239 15 1 1 0 0 0 3 0 0
241 9 0 0 6 0 0 3 0 0
243 12 0 0 3 0 0 6 0 0
252 9 0 0 6 0 0 0 0 0
fn=_dl_receive_error
58 2 0 0 1 0 0 0 0 0
59 1 0 0 1 0 0 0 0 0
69 2 0 0 1 0 0 0 0 0
70 2 0 0 0 0 0 2 0 0
190 5 1 1 0 0 0 2 0 0
192 1 0 0 1 0 0 0 0 0
196 1 1 1 0 0 0 1 0 0
198 1 0 0 0 0 0 1 0 0
201 1 0 0 0 0 0 1 0 0
202 4 0 0 3 0 0 0 0 0
fl=./elf/./elf/dl-debug.c
fn=_dl_debug_change_state
105 2 0 0 0 0 0 2 0 0
107 12 2 1 2 0 0 0 0 0
111 2 0 0 0 0 0 0 0 0
fn=_dl_debug_initialize
76 2 1 1 0 0 0 0 0 0
120 1 0 0 0 0 0 0 0 0
122 2 0 0 1 1 1 0 0 0
127 3 0 0 0 0 0 1 0 0
128 2 1 1 0 0 0 1 0 0
154 1 0 0 0 0 0 1 0 0
157 2 0 0 1 0 0 0 0 0
160 2 1 1 1 0 0 1 0 0
162 3 0 0 1 0 0 0 0 0
169 2 0 0 1 0 0 0 0 0
fn=_dl_debug_post_relocate
46 2 1 1 0 0 0 0 0 0
51 1 1 1 0 0 0 1 0 0
52 8 0 0 1 0 0 3 0 0
54 5 0 0 4 0 0 0 0 0
56 6 0 0 3 0 0 0 0 0
57 3 0 0 0 0 0 0 0 0
70 2 1 0 1 0 0 0 0 0
fn=_dl_debug_update
76 6 0 0 0 0 0 0 0 0
77 3 1 1 0 0 0 0 0 0
96 6 1 0 3 1 0 0 0 0
100 3 0 0 3 0 0 0 0 0
fl=./elf/./elf/dl-debug_state.c
fn=_dl_debug_state
29 2 2 1 2 0 0 0 0 0
fl=./elf/./elf/dl-deps.c
fn=_dl_map_object_deps
128 3 0 0 0 0 0 2 1 1
129 5 0 0 0 0 0 2 0 0
130 6 1 1 0 0 0 1 0 0
132 4 0 0 0 0 0 1 1 1
136 8 0 0 2 0 0 2 0 0
143 13 1 1 0 0 0 7 1 1
144 9 1 1 0 0 0 1 0 0
160 9 1 1 0 0 0 0 0 0
161 1 0 0 1 0 0 0 0 0
164 2 0 0 1 0 0 1 0 0
182 1 1 1 1 0 0 0 0 0
183 6 0 0 4 0 0 0 0 0
184 1 0 0 0 0 0 1 0 0
188 9 0 0 4 0 0 1 0 0
190 12 1 1 0 0 0 6 0 0
193 4 0 0 0 0 0 4 0 0
197 12 0 0 4 0 0 0 0 0
198 25 2 2 11 0 0 0 0 0
201 6 0 0 0 0 0 0 0 0
205 4 0 0 2 0 0 0 0 0
208 16 0 0 8 1 1 0 0 0
210 8 1 1 6 0 0 0 0 0
215 2 1 1 0 0 0 2 1 1
216 2 0 0 0 0 0 2 0 0
217 4 0 0 2 0 0 2 0 0
218 4 0 0 2 0 0 2 0 0
219 2 0 0 0 0 0 2 0 0
221 234 1 1 63 0 0 0 0 0
222 110 1 1 0 0 0 0 0 0
228 24 1 1 4 0 0 4 1 1
230 2 0 0 0 0 0 2 0 0
232 13 3 3 0 0 0 6 0 0
233 4 0 0 2 0 0 0 0 0
242 2 0 0 2 0 0 0 0 0
244 4 0 0 2 0 0 0 0 0
249 6 0 0 0 0 0 0 0 0
252 2 0 0 0 0 0 2 0 0
253 2 0 0 0 0 0 2 0 0
254 2 0 0 0 0 0 2 0 0
255 4 0 0 2 0 0 2 0 0
256 2 0 0 0 0 0 2 0 0
257 2 1 1 2 0 0 0 0 0
259 8 0 0 2 0 0 2 0 0
263 6 0 0 2 0 0 0 0 0
264 3 0 0 0 0 0 1 0 0
266 159 1 1 0 0 0 0 0 0
417 8 1 1 0 0 0 0 0 0
419 8 0 0 0 0 0 4 0 0
422 4 0 0 0 0 0 0 0 0
423 6 0 0 2 0 0 0 0 0
429 2 0 0 0 0 0 2 1 1
430 8 0 0 0 0 0 2 0 0
431 10 0 0 0 0 0 2 0 0
434 2 0 0 0 0 0 2 0 0
435 2 0 0 2 0 0 0 0 0
439 12 0 0 4 0 0 0 0 0
441 4 1 1 4 0 0 0 0 0
442 17 1 1 3 0 0 0 0 0
448 5 1 1 1 0 0 0 0 0
449 2 0 0 0 0 0 1 0 0
452 4 0 0 1 0 0 1 0 0
463 6 1 1 1 0 0 3 0 0
465 5 0 0 3 0 0 0 0 0
470 5 0 0 2 0 0 1 0 0
471 1 1 1 0 0 0 1 0 0
472 1 0 0 0 0 0 0 0 0
474 17 0 0 4 0 0 0 0 0
478 12 1 1 4 0 0 0 0 0
484 8 0 0 0 0 0 0 0 0
485 8 0 0 0 0 0 4 1 1
490 4 0 0 4 0 0 0 0 0
495 3 0 0 1 0 0 0 0 0
532 2 1 1 0 0 0 0 0 0
533 2 0 0 0 0 0 0 0 0
536 1 0 0 1 0 0 0 0 0
547 9 1 1 2 0 0 3 0 0
552 9 1 1 1 0 0 2 0 0
553 5 1 1 2 0 0 1 0 0
557 1 0 0 0 0 0 1 0 0
559 2 0 0 1 0 0 1 0 0
560 1 1 1 1 0 0 0 0 0
561 3 0 0 1 0 0 0 0 0
568 3 0 0 1 0 0 0 0 0
571 2 1 1 0 0 0 0 0 0
574 8 0 0 7 0 0 0 0 0
fn=openaux
61 4 1 1 0 0 0 2 0 0
64 22 0 0 8 0 0 4 0 0
65 2 0 0 2 0 0 0 0 0
68 2 0 0 2 0 0 0 0 0
69 4 0 0 4 0 0 0 0 0
fl=./elf/./elf/dl-environ.c
fn=_dl_next_ld_env_entry
29 3 1 1 3 0 0 0 0 0
32 142 0 0 48 0 0 0 0 0
34 92 0 0 46 0 0 0 0 0
35 20 0 0 10 0 0 0 0 0
37 2 0 0 0 0 0 0 0 0
40 4 1 1 0 0 0 2 0 0
42 2 0 0 2 0 0 0 0 0
45 44 0 0 0 0 0 0 0 0
fl=./elf/./elf/dl-execstack-tunable.c
fn=_dl_handle_execstack_tunable
24 1 1 1 0 0 0 0 0 0
25 9 0 0 1 0 0 1 0 0
39 2 0 0 1 0 0 0 0 0
fl=./elf/./elf/dl-find_object.c
fn=_dl_find_object_init
578 3 1 1 0 0 0 2 0 0
581 1 0 0 1 1 0 0 0 0
583 2 0 0 1 0 0 0 0 0
584 3 1 1 0 0 0 1 0 0
596 2 0 0 0 0 0 1 0 0
597 3 1 1 1 0 0 1 0 0
599 2 0 0 0 0 0 0 0 0
602 2 0 0 0 0 0 0 0 0
607 1 0 0 0 0 0 1 0 0
608 1 0 0 0 0 0 1 0 0
611 3 1 1 1 0 0 0 0 0
613 2 0 0 0 0 0 1 0 0
616 6 1 1 3 0 0 1 0 0
618 1 0 0 0 0 0 0 0 0
621 4 0 0 3 0 0 0 0 0
fn=_dlfo_process_initial
505 12 1 1 0 0 0 10 0 0
506 2 0 0 2 0 0 0 0 0
509 4 0 0 2 0 0 0 0 0
514 20 2 2 4 1 0 0 0 0
515 22 0 0 2 0 0 0 0 0
516 8 0 0 8 0 0 0 0 0
518 28 1 1 6 0 0 0 0 0
521 24 0 0 6 0 0 0 0 0
524 30 1 1 6 0 0 0 0 0
529 18 0 0 6 0 0 0 0 0
531 9 0 0 0 0 0 3 0 0
532 6 0 0 0 0 0 0 0 0
533 12 0 0 0 0 0 0 0 0
546 2 0 0 0 0 0 2 0 0
548 14 0 0 12 0 0 0 0 0
fn=_dlfo_sort_mappings
554 2 1 1 0 0 0 0 0 0
557 13 0 0 2 0 0 0 0 0
561 4 0 0 2 0 0 0 0 0
562 23 1 1 0 0 0 0 0 0
563 15 0 0 3 0 0 0 0 0
565 2 0 0 0 0 0 0 0 0
566 2 0 0 0 0 0 0 0 0
570 8 1 1 4 0 0 0 0 0
571 10 0 0 4 0 0 4 0 0
572 4 0 0 0 0 0 4 0 0
574 1 0 0 1 0 0 0 0 0
fl=./elf/./elf/dl-fini.c
fn=_dl_fini
26 10 2 2 0 0 0 7 0 0
43 1 0 0 0 0 0 0 0 0
46 13 0 0 1 1 0 0 0 0
49 2 0 0 1 1 0 1 1 0
51 1 0 0 1 1 0 0 0 0
54 2 0 0 0 0 0 0 0 0
56 5 1 1 2 0 0 0 0 0
61 1 0 0 0 0 0 1 0 0
63 4 2 2 0 0 0 2 0 0
68 7 0 0 1 0 0 0 0 0
72 1 0 0 0 0 0 0 0 0
74 16 0 0 5 1 0 0 0 0
76 8 1 1 4 1 0 0 0 0
78 8 0 0 0 0 0 0 0 0
80 8 0 0 0 0 0 4 0 0
81 4 0 0 0 0 0 4 3 1
82 4 0 0 0 0 0 0 0 0
86 4 0 0 4 1 0 0 0 0
93 6 1 1 0 0 0 0 0 0
94 6 0 0 0 0 0 0 0 0
100 7 0 0 0 0 0 4 0 0
109 2 1 1 1 0 0 1 0 0
114 19 0 0 3 0 0 0 0 0
116 4 0 0 4 0 0 0 0 0
118 8 0 0 4 0 0 0 0 0
120 20 1 1 0 0 0 16 0 0
123 24 0 0 12 0 0 4 0 0
128 4 0 0 4 0 0 0 0 0
131 2 0 0 0 0 0 0 0 0
135 5 1 1 1 0 0 1 0 0
141 6 0 0 2 0 0 1 0 0
143 1 0 0 0 0 0 0 0 0
147 2 0 0 1 0 0 0 0 0
154 8 0 0 7 0 0 0 0 0
fl=./elf/./elf/dl-hwcaps.c
fn=_dl_important_hwcaps
52 16 1 1 0 0 0 4 0 0
54 2 0 0 0 0 0 0 0 0
55 4 0 0 2 0 0 0 0 0
57 4 0 0 0 0 0 0 0 0
100 5 0 0 0 0 0 3 0 0
102 3 0 0 1 0 0 0 0 0
105 1 0 0 0 0 0 1 0 0
108 2 0 0 0 0 0 0 0 0
112 4 1 1 0 0 0 1 0 0
125 12 1 1 0 0 0 3 0 0
127 10 0 0 4 0 0 2 0 0
128 4 0 0 2 0 0 2 0 0
129 4 0 0 0 0 0 2 0 0
130 2 0 0 0 0 0 0 0 0
133 3 0 0 0 0 0 0 0 0
142 13 1 1 6 0 0 1 0 0
143 13 1 1 1 0 0 1 0 0
145 8 1 1 1 0 0 4 0 0
151 5 1 1 2 0 0 0 0 0
155 4 0 0 2 0 0 1 0 0
156 2 0 0 0 0 0 0 0 0
157 3 0 0 0 0 0 0 0 0
161 1 0 0 1 0 0 0 0 0
162 2 0 0 1 0 0 1 0 0
163 2 0 0 0 0 0 2 0 0
172 13 2 2 0 0 0 9 1 1
174 2 0 0 0 0 0 2 1 1
175 3 0 0 0 0 0 0 0 0
185 1 0 0 0 0 0 0 0 0
186 3 0 0 0 0 0 0 0 0
189 3 0 0 1 0 0 1 1 1
193 2 0 0 1 0 0 0 0 0
194 2 0 0 0 0 0 0 0 0
202 4 1 1 2 0 0 0 0 0
203 7 0 0 1 0 0 3 0 0
204 6 1 1 2 0 0 1 0 0
208 2 0 0 1 0 0 1 0 0
209 1 0 0 0 0 0 1 0 0
213 2 0 0 1 0 0 1 0 0
216 9 0 0 7 0 0 0 0 0
fn=copy_hwcaps
74 12 1 1 0 0 0 8 0 0
77 16 0 0 0 0 0 4 0 0
79 2 0 0 0 0 0 2 0 0
80 16 0 0 4 0 0 6 2 2
84 2 0 0 0 0 0 2 0 0
85 2 0 0 2 0 0 0 0 0
86 6 0 0 2 0 0 2 0 0
87 4 0 0 0 0 0 2 0 0
88 4 0 0 0 0 0 2 0 0
90 12 0 0 10 0 0 0 0 0
fl=./elf/./elf/dl-hwcaps_split.c
fn=_dl_hwcaps_contains
67 12 1 1 0 0 0 0 0 0
68 6 0 0 0 0 0 0 0 0
77 6 0 0 6 0 0 0 0 0
fn=_dl_hwcaps_split
25 45 0 0 0 0 0 30 0 0
26 45 0 0 15 0 0 0 0 0
27 6 0 0 0 0 0 0 0 0
30 36 0 0 12 0 0 12 0 0
34 84 0 0 18 1 1 0 0 0
35 12 0 0 0 0 0 6 0 0
36 24 1 1 0 0 0 0 0 0
41 27 0 0 0 0 0 9 0 0
42 18 0 0 0 0 0 0 0 0
43 21 0 0 0 0 0 12 0 0
45 18 0 0 0 0 0 0 0 0
46 9 0 0 0 0 0 0 0 0
47 60 1 1 45 0 0 0 0 0
fn=_dl_hwcaps_split_masked
51 44 1 1 0 0 0 11 0 0
54 56 1 1 0 0 0 14 0 0
56 9 0 0 9 0 0 0 0 0
57 27 0 0 0 0 0 9 0 0
58 54 0 0 18 0 0 6 0 0
62 22 0 0 22 0 0 0 0 0
fl=./elf/./elf/dl-init.c
fn=_dl_init
81 11 1 1 0 0 0 6 0 0
82 1 0 0 1 1 0 0 0 0
83 1 1 1 1 0 0 0 0 0
86 3 0 0 1 0 0 0 0 0
88 1 1 1 0 0 0 1 0 0
89 2 0 0 0 0 0 1 0 0
94 2 0 0 0 0 0 0 0 0
119 1 0 0 1 0 0 0 0 0
120 18 0 0 0 0 0 0 0 0
121 24 1 1 8 0 0 4 0 0
127 8 0 0 7 0 0 0 0 0
fn=call_init
27 40 0 0 0 0 0 25 1 0
29 10 1 1 5 0 0 0 0 0
35 30 0 0 5 0 0 0 0 0
37 10 0 0 0 0 0 0 0 0
43 12 1 1 4 0 0 4 0 0
46 12 0 0 8 3 0 0 0 0
47 2 0 0 0 0 0 0 0 0
51 6 0 0 3 0 0 0 0 0
59 9 0 0 3 3 0 0 0 0
60 6 1 1 2 0 0 1 0 0
63 3 0 0 3 2 0 0 0 0
64 6 0 0 0 0 0 0 0 0
70 6 0 0 4 3 0 0 0 0
72 4 0 0 4 0 0 0 0 0
73 26 0 0 0 0 0 0 0 0
74 16 1 1 4 0 0 4 0 0
76 30 0 0 30 0 0 0 0 0
fl=./elf/./elf/dl-load.c
fn=_dl_dst_count
228 20 1 1 0 0 0 20 2 2
231 8 0 0 0 0 0 4 0 0
234 8 0 0 0 0 0 0 0 0
235 4 0 0 0 0 0 0 0 0
254 28 0 0 24 0 0 0 0 0
fn=_dl_init_paths
680 12 2 2 0 0 0 8 0 0
694 4 0 0 0 0 0 2 0 0
699 1 0 0 0 0 0 1 0 0
701 3 0 0 0 0 0 0 0 0
708 3 0 0 0 0 0 0 0 0
709 2 1 1 1 0 0 0 0 0
713 4 0 0 0 0 0 1 0 0
715 4 0 0 2 0 0 0 0 0
721 1 0 0 0 0 0 1 0 0
722 1 0 0 0 0 0 1 0 0
730 9 0 0 0 0 0 4 0 0
732 8 1 1 0 0 0 4 2 2
733 4 1 1 0 0 0 4 1 1
735 5 0 0 0 0 0 4 0 0
736 7 0 0 3 1 1 4 1 1
737 4 0 0 0 0 0 0 0 0
740 12 0 0 3 1 1 0 0 0
741 9 0 0 1 0 0 0 0 0
742 18 1 1 4 0 0 5 0 0
744 29 2 2 6 0 0 6 0 0
750 1 0 0 0 0 0 1 0 0
751 1 0 0 0 0 0 1 0 0
756 1 0 0 1 0 0 0 0 0
759 3 0 0 0 0 0 0 0 0
761 4 0 0 1 0 0 0 0 0
763 3 1 1 1 0 0 0 0 0
780 1 1 1 0 0 0 1 0 0
782 3 1 1 1 0 0 0 0 0
796 2 1 1 0 0 0 1 0 0
799 5 1 1 2 0 0 0 0 0
801 12 1 1 0 0 0 2 0 0
805 3 0 0 0 0 0 0 0 0
806 60 0 0 15 0 0 0 0 0
807 14 1 1 0 0 0 0 0 0
808 28 0 0 0 0 0 0 0 0
810 1 0 0 0 0 0 1 0 0
811 1 0 0 0 0 0 0 0 0
812 2 0 0 0 0 0 0 0 0
818 6 0 0 1 0 0 1 0 0
821 3 0 0 2 0 0 0 0 0
827 1 0 0 0 0 0 1 0 0
831 8 0 0 7 0 0 0 0 0
fn=_dl_map_object
1913 30 1 1 0 0 0 27 5 5
1915 2 0 0 0 0 0 2 0 0
1921 6 1 1 0 0 0 0 0 0
1922 12 0 0 3 1 1 0 0 0
1925 48 1 1 9 0 0 3 0 0
1930 49 1 1 14 0 0 0 0 0
1932 35 0 0 0 0 0 7 2 2
1936 12 1 1 6 0 0 0 0 0
1937 18 0 0 6 0 0 0 0 0
1940 10 0 0 6 0 0 0 0 0
1941 6 0 0 2 0 0 0 0 0
1942 10 0 0 0 0 0 2 0 0
1956 8 0 0 2 0 0 0 0 0
1957 6 1 1 2 0 0 2 0 0
1963 2 0 0 0 0 0 2 2 2
1968 6 0 0 2 0 0 0 0 0
1982 10 1 1 0 0 0 2 0 0
1986 4 1 1 0 0 0 2 0 0
1988 2 0 0 1 0 0 0 0 0
1995 4 1 1 1 0 0 0 0 0
1999 1 1 1 1 0 0 0 0 0
2000 1 0 0 0 0 0 0 0 0
2004 5 0 0 1 0 0 0 0 0
2005 8 1 1 0 0 0 1 0 0
2007 11 1 1 0 0 0 6 0 0
2014 6 2 2 5 0 0 0 0 0
2019 2 0 0 0 0 0 0 0 0
2020 7 0 0 1 0 0 0 0 0
2021 13 2 2 4 0 0 3 0 0
2030 2 0 0 0 0 0 0 0 0
2045 2 1 1 1 0 0 0 0 0
2046 17 1 1 2 0 0 5 0 0
2052 3 0 0 0 0 0 0 0 0
2053 8 2 2 0 0 0 1 0 0
2061 2 0 0 1 0 0 0 0 0
2063 3 0 0 1 0 0 0 0 0
2067 3 1 1 0 0 0 1 0 0
2069 2 0 0 0 0 0 0 0 0
2073 2 0 0 0 0 0 0 0 0
2081 2 0 0 1 0 0 0 0 0
2104 10 1 1 0 0 0 2 0 0
2108 2 0 0 0 0 0 0 0 0
2109 1 0 0 0 0 0 1 0 0
2126 2 0 0 1 0 0 0 0 0
2132 1 0 0 0 0 0 1 0 0
2133 4 0 0 0 0 0 1 0 0
2134 2 0 0 0 0 0 0 0 0
2135 2 0 0 0 0 0 0 0 0
2139 10 1 1 0 0 0 2 0 0
2142 2 0 0 0 0 0 0 0 0
2154 8 0 0 2 0 0 0 0 0
2200 31 1 1 11 0 0 10 0 0
2202 29 1 1 23 0 0 0 0 0
fn=_dl_map_object_from_fd
948 28 2 2 0 0 0 20 2 2
963 8 0 0 2 0 0 2 0 0
993 35 1 1 9 0 0 0 0 0
994 10 0 0 5 0 0 0 0 0
1012 4 1 1 2 0 0 0 0 0
1042 8 1 1 2 0 0 2 0 0
1052 4 0 0 2 0 0 0 0 0
1059 16 1 1 10 0 0 2 0 0
1060 4 0 0 0 0 0 0 0 0
1071 4 0 0 2 0 0 2 1 1
1072 6 0 0 2 0 0 2 0 0
1073 4 0 0 2 0 0 2 0 0
1075 6 0 0 0 0 0 0 0 0
1076 8 0 0 4 0 0 0 0 0
1077 2 1 1 0 0 0 0 0 0
1080 5 0 0 0 0 0 0 0 0
1081 8 0 0 2 0 0 2 1 1
1092 2 0 0 0 0 0 2 0 0
1094 2 0 0 0 0 0 2 0 0
1096 24 1 1 2 0 0 2 0 0
1097 2 0 0 0 0 0 0 0 0
1098 2 0 0 0 0 0 2 0 0
1099 2 1 1 0 0 0 2 0 0
1100 2 0 0 0 0 0 0 0 0
1106 82 0 0 0 0 0 0 0 0
1107 205 2 2 24 8 8 0 0 0
1113 4 1 1 2 2 2 0 0 0
1120 5 0 0 3 0 0 2 0 0
1121 6 0 0 2 0 0 2 0 0
1122 20 0 0 4 0 0 2 0 0
1127 2 0 0 1 0 0 1 0 0
1128 1 0 0 0 0 0 0 0 0
1133 62 1 1 26 3 3 2 0 0
1141 32 0 0 8 0 0 0 0 0
1142 52 0 0 0 0 0 8 2 2
1143 40 0 0 8 0 0 8 0 0
1144 8 0 0 0 0 0 8 0 0
1145 16 1 1 8 0 0 8 2 2
1147 56 0 0 8 1 1 0 0 0
1149 16 0 0 0 0 0 8 2 2
1162 34 0 0 12 0 0 0 0 0
1168 8 0 0 0 0 0 0 0 0
1169 84 1 1 16 0 0 18 1 1
1182 3 0 0 1 0 0 0 0 0
1186 4 1 1 0 0 0 1 1 1
1187 1 0 0 1 0 0 0 0 0
1191 5 0 0 0 0 0 1 0 0
1192 2 0 0 1 0 0 1 0 0
1195 1 0 0 0 0 0 1 0 0
1200 4 0 0 1 0 0 0 0 0
1215 4 1 1 2 0 0 2 0 0
1216 2 0 0 0 0 0 0 0 0
1219 6 0 0 4 0 0 2 1 1
1224 16 1 1 12 0 0 0 0 0
1234 38 0 0 0 0 0 0 0 0
1235 16 1 1 0 0 0 8 0 0
1241 4 0 0 0 0 0 0 0 0
1251 8 0 0 4 0 0 0 0 0
1258 14 1 1 6 0 0 2 0 0
1274 8 1 1 4 0 0 0 0 0
1275 6 0 0 2 0 0 2 0 0
1281 4 0 0 0 0 0 0 0 0
1282 4 0 0 0 0 0 0 0 0
1284 10 1 1 2 0 0 0 0 0
1294 6 0 0 2 0 0 0 0 0
1313 4 0 0 2 0 0 2 0 0
1315 12 1 1 4 0 0 0 0 0
1335 6 0 0 2 1 1 0 0 0
1336 2 0 0 1 0 0 1 0 0
1342 64 1 1 30 0 0 0 0 0
1343 112 0 0 24 21 21 0 0 0
1349 28 0 0 0 0 0 1 0 0
1354 8 1 1 2 0 0 2 0 0
1367 4 0 0 2 0 0 0 0 0
1369 8 1 1 4 0 0 2 0 0
1371 4 0 0 2 0 0 0 0 0
1387 4 0 0 0 0 0 2 0 0
1391 4 0 0 2 0 0 0 0 0
1392 4 0 0 2 0 0 0 0 0
1409 4 0 0 2 0 0 0 0 0
1410 1 1 1 0 0 0 1 0 0
1413 4 0 0 2 0 0 2 0 0
1418 4 0 0 2 0 0 0 0 0
1423 4 0 0 2 0 0 0 0 0
1435 16 1 1 6 0 0 0 0 0
1436 6 1 1 2 0 0 0 0 0
1437 9 0 0 3 0 0 1 0 0
1438 3 0 0 1 0 0 0 0 0
1439 5 0 0 1 0 0 1 0 0
1445 4 0 0 2 0 0 0 0 0
1446 4 0 0 1 0 0 0 0 0
1451 2 0 0 0 0 0 1 0 0
1458 6 1 1 2 0 0 2 0 0
1461 4 0 0 2 0 0 0 0 0
1464 8 0 0 4 0 0 2 0 0
1466 2 0 0 0 0 0 0 0 0
1467 18 2 2 14 0 0 0 0 0
fn=_dl_notify_new_object
908 16 1 1 0 0 0 8 0 0
910 6 0 0 0 0 0 2 0 0
911 6 0 0 2 0 0 0 0 0
928 4 1 1 0 0 0 0 0 0
932 14 0 0 6 0 0 0 0 0
933 6 0 0 0 0 0 0 0 0
935 10 0 0 8 0 0 0 0 0
fn=_dl_process_pt_gnu_property
842 2 0 0 0 0 0 0 0 0
843 4 0 0 4 0 0 0 0 0
844 2 1 1 2 0 0 0 0 0
850 4 1 1 2 0 0 0 0 0
856 10 0 0 0 0 0 0 0 0
859 6 1 1 2 1 1 0 0 0
860 4 0 0 2 0 0 0 0 0
861 4 0 0 2 0 0 0 0 0
864 6 1 1 2 0 0 0 0 0
865 6 0 0 0 0 0 0 0 0
869 2 0 0 0 0 0 0 0 0
870 4 0 0 0 0 0 0 0 0
874 4 1 1 2 0 0 0 0 0
875 2 0 0 2 0 0 0 0 0
878 4 0 0 0 0 0 0 0 0
881 2 0 0 0 0 0 0 0 0
882 8 0 0 0 0 0 0 0 0
fn=cache_rpath
655 6 1 1 0 0 0 0 0 0
656 9 0 0 3 0 0 0 0 0
657 3 0 0 0 0 0 0 0 0
673 6 0 0 3 0 0 0 0 0
fn=expand_dynamic_string_token
375 14 1 1 0 0 0 8 0 0
385 4 0 0 0 0 0 2 0 0
388 4 0 0 0 0 0 0 0 0
389 4 0 0 0 0 0 0 0 0
400 10 0 0 8 0 0 0 0 0
fn=fillin_rpath.isra.0
442 16 2 2 0 0 0 12 0 0
446 1 0 0 0 0 0 0 0 0
448 12 0 0 4 0 0 2 0 0
455 2 0 0 1 0 0 0 0 0
457 5 1 1 1 0 0 1 0 0
461 2 0 0 0 0 0 0 0 0
466 3 0 0 0 0 0 1 0 0
467 2 0 0 0 0 0 0 0 0
474 5 1 1 1 0 0 0 0 0
479 3 1 1 0 0 0 1 0 0
483 15 0 0 5 0 0 0 0 0
484 8 1 1 4 0 0 0 0 0
502 4 1 1 1 0 0 0 0 0
506 3 0 0 1 0 0 0 0 0
508 2 0 0 0 0 0 0 0 0
512 2 0 0 0 0 0 2 0 0
513 2 1 1 1 0 0 0 0 0
514 4 0 0 0 0 0 2 0 0
515 2 0 0 1 0 0 1 0 0
517 2 0 0 1 0 0 0 0 0
523 4 0 0 1 0 0 0 0 0
524 15 1 1 1 0 0 0 0 0
525 3 1 1 0 0 0 3 0 0
527 2 0 0 1 0 0 1 0 0
528 3 0 0 1 0 0 0 0 0
529 1 1 1 0 0 0 1 0 0
535 2 0 0 1 0 0 1 0 0
536 1 0 0 0 0 0 1 0 0
539 3 0 0 0 0 0 1 0 0
545 1 0 0 0 0 0 1 0 0
548 8 0 0 7 0 0 0 0 0
fn=open_path
1758 12 2 2 0 0 0 9 3 3
1759 2 0 0 1 0 0 1 0 0
1762 1 0 0 0 0 0 1 0 0
1763 1 0 0 0 0 0 1 0 0
1765 3 0 0 0 0 0 0 0 0
1768 2 1 1 0 0 0 0 0 0
1770 9 1 1 2 0 0 1 0 0
1773 2 1 1 2 0 0 0 0 0
1777 1 0 0 0 0 0 1 0 0
1781 3 0 0 1 0 0 0 0 0
1788 5 0 0 3 0 0 1 1 1
1789 15 2 2 4 0 0 0 0 0
1792 6 0 0 3 0 0 0 0 0
1797 33 1 1 15 0 0 6 0 0
1800 9 0 0 3 0 0 0 0 0
1806 6 0 0 3 0 0 0 0 0
1807 2 0 0 0 0 0 2 1 1
1809 24 0 0 15 0 0 3 0 0
1811 9 1 1 3 0 0 0 0 0
1813 6 0 0 0 0 0 0 0 0
1818 6 1 1 3 0 0 0 0 0
1819 24 1 1 12 0 0 0 0 0
1825 12 1 1 6 0 0 3 0 0
1827 17 1 1 0 0 0 5 0 0
1828 5 0 0 1 0 0 1 0 0
1830 3 0 0 0 0 0 0 0 0
1832 2 0 0 0 0 0 1 0 0
1839 2 0 0 0 0 0 1 0 0
1883 9 2 2 3 0 0 1 1 1
1887 2 0 0 2 0 0 0 0 0
1889 4 0 0 3 0 0 0 0 0
1892 3 0 0 2 0 0 0 0 0
1906 9 1 1 7 0 0 0 0 0
fn=open_verify.constprop.0
1520 60 2 2 0 0 0 40 2 2
1552 15 0 0 5 0 0 0 0 0
1557 6 1 1 0 0 0 0 0 0
1571 25 0 0 0 0 0 5 0 0
1573 10 0 0 0 0 0 0 0 0
1581 2 1 1 0 0 0 2 0 0
1582 6 0 0 0 0 0 2 2 2
1587 14 0 0 0 0 0 2 0 0
1589 4 0 0 0 0 0 0 0 0
1591 6 0 0 2 0 0 2 0 0
1593 4 0 0 0 0 0 0 0 0
1599 4 1 1 0 0 0 0 0 0
1614 29 2 2 9 0 0 0 0 0
1695 4 1 1 2 0 0 0 0 0
1700 4 0 0 2 0 0 0 0 0
1706 8 0 0 2 0 0 0 0 0
1712 4 0 0 2 0 0 0 0 0
1718 8 1 1 2 2 2 0 0 0
1719 8 0 0 2 0 0 0 0 0
1723 5 1 1 0 0 0 0 0 0
1724 5 0 0 0 0 0 1 1 1
1745 45 0 0 35 0 0 0 0 0
fl=./elf/./elf/dl-lookup-direct.c
fn=_dl_lookup_direct
74 33 1 1 0 0 0 24 0 0
75 3 0 0 3 0 0 0 0 0
76 6 0 0 0 0 0 0 0 0
78 18 1 1 9 2 1 0 0 0
79 6 0 0 0 0 0 0 0 0
81 9 0 0 3 0 0 0 0 0
84 25 0 0 5 2 2 0 0 0
86 9 0 0 0 0 0 0 0 0
87 18 0 0 6 0 0 3 0 0
90 6 0 0 0 0 0 0 0 0
93 6 1 1 0 0 0 0 0 0
115 3 0 0 0 0 0 0 0 0
116 27 0 0 21 0 0 0 0 0
fn=check_match
31 27 1 1 0 0 0 15 0 0
32 12 0 0 9 0 0 0 0 0
33 9 0 0 0 0 0 0 0 0
35 6 0 0 3 3 3 0 0 0
36 6 1 1 3 1 1 0 0 0
40 9 0 0 0 0 0 0 0 0
48 9 0 0 3 0 0 3 0 0
51 6 0 0 6 0 0 0 0 0
53 15 0 0 3 0 0 3 0 0
57 6 0 0 6 1 0 0 0 0
58 18 1 1 6 0 0 0 0 0
59 9 0 0 3 0 0 3 0 0
64 21 0 0 18 0 0 0 0 0
fl=./elf/./elf/dl-lookup.c
fn=_dl_lookup_symbol_x
769 1210 1 1 0 0 0 990 5 2
771 440 0 0 0 0 0 110 4 1
773 880 0 0 110 0 0 110 0 0
775 110 1 1 110 2 0 0 0 0
779 420 0 0 100 0 0 0 0 0
781 120 0 0 0 0 0 0 0 0
782 220 0 0 110 0 0 0 0 0
788 915 2 2 227 1 0 110 0 0
789 2523 2 2 1093 0 0 880 4 1
794 220 0 0 0 0 0 0 0 0
796 42 1 1 7 0 0 0 0 0
813 220 0 0 110 0 0 110 0 0
814 21 1 1 0 0 0 7 0 0
817 220 0 0 110 0 0 0 0 0
818 706 1 1 98 0 0 0 0 0
853 1030 0 0 103 0 0 103 0 0
867 309 0 0 103 4 0 0 0 0
868 2 1 1 0 0 0 1 0 0
870 206 1 1 103 0 0 0 0 0
877 28 2 2 0 0 0 0 0 0
889 990 0 0 770 0 0 0 0 0
fn=check_match
70 1378 2 2 212 0 0 530 1 1
73 742 1 1 212 42 34 0 0 0
78 5 0 0 0 0 0 0 0 0
86 520 0 0 0 0 0 0 0 0
89 490 0 0 94 0 0 47 6 0
93 104 1 1 104 0 0 0 0 0
94 208 0 0 0 0 0 0 0 0
98 202 0 0 0 0 0 0 0 0
102 202 0 0 202 9 2 0 0 0
103 808 1 1 303 4 0 0 0 0
104 500 0 0 200 1 0 100 0 0
109 3 1 0 1 0 0 0 0 0
110 3 1 0 2 1 0 0 0 0
111 2 0 0 0 0 0 0 0 0
141 6 0 0 0 0 0 0 0 0
143 18 0 0 6 2 1 0 0 0
144 12 0 0 0 0 0 0 0 0
158 103 0 0 0 0 0 0 0 0
159 742 1 1 636 0 0 0 0 0
fn=do_lookup_x
344 1540 2 2 220 0 0 1100 12 6
345 110 0 0 110 2 0 0 0 0
351 110 0 0 110 0 0 0 0 0
355 1056 1 1 1056 10 0 0 0 0
358 704 0 0 0 0 0 0 0 0
362 1162 0 0 119 0 0 0 0 0
383 698 1 1 349 4 0 0 0 0
387 698 0 0 349 2 0 0 0 0
393 1047 1 1 349 5 0 0 0 0
397 349 0 0 0 0 0 349 0 0
398 349 0 0 0 0 0 349 0 0
401 1745 0 0 1047 8 0 0 0 0
402 1047 0 0 698 0 0 0 0 0
405 349 1 1 349 0 0 0 0 0
406 698 0 0 0 0 0 0 0 0
408 349 0 0 349 63 46 0 0 0
409 698 0 0 0 0 0 0 0 0
410 349 0 0 349 0 0 0 0 0
413 1396 0 0 349 0 0 0 0 0
416 2443 0 0 0 0 0 0 0 0
419 212 0 0 212 52 42 0 0 0
420 318 1 1 0 0 0 0 0 0
421 212 0 0 0 0 0 0 0 0
423 210 0 0 105 0 0 0 0 0
426 1155 0 0 231 69 63 0 0 0
428 318 1 1 0 0 0 0 0 0
429 2640 2 2 742 0 0 1371 8 2
430 212 0 0 0 0 0 0 0 0
433 1039 0 0 515 0 0 0 0 0
436 384 0 0 0 0 0 0 0 0
445 12 1 1 10 0 0 0 0 0
467 4 1 1 2 0 0 0 0 0
473 206 0 0 0 0 0 0 0 0
480 788 1 1 103 0 0 0 0 0
484 27 2 1 9 1 0 0 0 0
496 206 0 0 103 0 0 103 0 0
497 103 0 0 0 0 0 103 0 0
498 103 0 0 0 0 0 0 0 0
515 747 0 0 498 0 0 0 0 0
518 14 0 0 0 0 0 0 0 0
519 880 0 0 770 0 0 0 0 0
fl=./elf/./elf/dl-minimal-malloc.c
fn=__minimal_calloc
80 32 0 0 0 0 0 0 0 0
84 8 1 1 0 0 0 0 0 0
87 8 0 0 0 0 0 0 0 0
88 24 0 0 0 0 0 0 0 0
fn=__minimal_free
99 4 0 0 2 0 0 0 0 0
fn=__minimal_malloc
36 96 0 0 0 0 0 72 2 2
37 72 2 2 24 1 0 0 0 0
42 3 0 0 0 0 0 1 0 0
43 2 1 1 1 0 0 0 0 0
44 2 0 0 0 0 0 0 0 0
48 95 0 0 23 0 0 24 0 0
51 160 0 0 0 0 0 0 0 0
56 8 0 0 2 0 0 0 0 0
57 8 0 0 0 0 0 0 0 0
59 2 0 0 0 0 0 0 0 0
60 16 1 1 0 0 0 2 0 0
62 4 0 0 0 0 0 0 0 0
64 8 0 0 0 0 0 2 0 0
65 6 0 0 2 0 0 0 0 0
67 6 0 0 0 0 0 2 0 0
70 24 0 0 0 0 0 24 2 1
71 26 1 1 0 0 0 24 0 0
73 96 0 0 96 0 0 0 0 0
fl=./elf/./elf/dl-minimal.c
fn=__rtld_malloc_init_real
76 7 1 1 0 0 0 5 0 0
86 2 0 0 0 0 0 1 0 0
87 1 1 1 0 0 0 1 0 0
89 1 0 0 0 0 0 1 0 0
91 5 0 0 0 0 0 1 0 0
92 5 0 0 0 0 0 1 0 0
93 5 0 0 0 0 0 1 0 0
94 4 1 1 0 0 0 1 0 0
99 1 0 0 0 0 0 1 0 0
100 1 0 0 0 0 0 1 0 0
101 1 0 0 0 0 0 1 0 0
102 1 0 0 0 0 0 1 0 0
103 7 0 0 6 0 0 0 0 0
fn=__rtld_malloc_init_stubs
43 2 1 1 0 0 0 1 1 1
44 2 0 0 0 0 0 1 0 0
45 2 0 0 0 0 0 1 0 0
46 2 0 0 0 0 0 1 0 0
47 1 0 0 1 0 0 0 0 0
fn=lookup_malloc_symbol
61 28 1 1 0 0 0 12 0 0
63 4 0 0 0 0 0 4 0 0
64 28 0 0 4 0 0 12 0 0
68 28 1 1 16 0 0 0 0 0
69 28 0 0 12 0 0 0 0 0
71 4 0 0 0 0 0 4 0 0
72 24 1 1 20 0 0 0 0 0
fn=strsep
242 4 1 1 2 1 1 0 0 0
244 2 0 0 2 0 0 0 0 0
245 4 0 0 0 0 0 0 0 0
247 2 0 0 0 0 0 0 0 0
249 47 0 0 15 0 0 0 0 0
251 28 0 0 0 0 0 0 0 0
254 56 1 1 28 0 0 0 0 0
256 84 0 0 28 0 0 0 0 0
264 14 0 0 0 0 0 0 0 0
267 1 0 0 0 0 0 1 0 0
271 4 0 0 2 0 0 0 0 0
fl=./elf/./elf/dl-misc.c
fn=_dl_name_match_p
68 70 1 1 0 0 0 28 0 0
69 70 0 0 14 0 0 14 0 0
70 17 0 0 0 0 0 0 0 0
72 14 0 0 14 0 0 0 0 0
74 58 0 0 0 0 0 0 0 0
75 90 1 1 18 0 0 18 0 0
78 15 0 0 15 0 0 0 0 0
80 11 0 0 0 0 0 0 0 0
81 56 0 0 42 0 0 0 0 0
fn=_dl_sysdep_read_whole_file
36 8 1 1 0 0 0 4 0 0
39 3 0 0 0 0 0 1 0 0
40 2 0 0 0 0 0 0 0 0
42 6 1 1 0 0 0 1 0 0
44 2 0 0 1 1 1 1 0 0
47 2 0 0 0 0 0 0 0 0
49 8 0 0 0 0 0 1 0 0
60 3 0 0 0 0 0 1 0 0
63 7 0 0 5 0 0 0 0 0
fl=./elf/./elf/dl-object.c
fn=_dl_add_to_namespace_list
31 15 1 1 0 0 0 9 0 0
33 9 0 0 3 0 0 3 1 1
35 26 0 0 3 0 0 0 0 0
38 20 0 0 5 0 0 0 0 0
40 2 0 0 0 0 0 2 0 0
42 2 0 0 0 0 0 2 0 0
45 2 0 0 0 0 0 1 0 0
46 9 1 1 3 0 0 0 0 0
47 6 0 0 3 1 1 3 0 0
48 6 0 0 0 0 0 3 0 0
50 6 0 0 3 0 0 0 0 0
51 9 0 0 9 0 0 0 0 0
fn=_dl_new_object
59 39 2 2 0 0 0 27 2 2
62 6 0 0 0 0 0 0 0 0
64 2 2 2 0 0 0 0 0 0
66 3 1 1 1 0 0 0 0 0
67 2 0 0 0 0 0 0 0 0
71 6 0 0 0 0 0 2 0 0
77 2 1 1 0 0 0 0 0 0
80 2 0 0 2 0 0 0 0 0
83 13 0 0 2 0 0 7 0 0
87 4 0 0 0 0 0 0 0 0
92 2 0 0 0 0 0 0 0 0
95 6 0 0 0 0 0 0 0 0
98 3 0 0 0 0 0 3 3 3
99 3 0 0 0 0 0 3 3 3
100 6 0 0 3 0 0 0 0 0
103 6 1 1 0 0 0 3 0 0
104 21 0 0 9 0 0 9 2 2
106 3 0 0 0 0 0 3 0 0
119 10 0 0 5 0 0 0 0 0
123 2 0 0 0 0 0 0 0 0
125 1 0 0 0 0 0 0 0 0
127 21 1 1 6 3 3 6 0 0
130 6 0 0 3 0 0 0 0 0
131 6 1 1 0 0 0 3 3 3
132 3 0 0 0 0 0 3 2 2
136 3 0 0 0 0 0 3 0 0
139 78 1 1 0 0 0 0 0 0
141 16 0 0 0 0 0 16 4 4
149 6 0 0 0 0 0 3 0 0
150 3 0 0 0 0 0 3 3 3
153 1 0 0 0 0 0 0 0 0
155 18 1 1 3 1 1 0 0 0
157 8 0 0 0 0 0 2 1 1
160 8 1 1 0 0 0 0 0 0
164 8 0 0 2 0 0 0 0 0
168 14 0 0 2 0 0 0 0 0
176 1 1 1 0 0 0 1 0 0
179 6 0 0 0 0 0 3 2 2
189 9 1 1 3 0 0 0 0 0
191 10 0 0 0 0 0 4 0 0
195 6 0 0 0 0 0 0 0 0
199 4 0 0 0 0 0 0 0 0
200 4 0 0 0 0 0 0 0 0
208 2 0 0 0 0 0 0 0 0
212 2 0 0 0 0 0 0 0 0
245 8 0 0 2 0 0 2 0 0
250 84 0 0 0 0 0 0 0 0
251 84 0 0 42 0 0 0 0 0
255 4 0 0 0 0 0 0 0 0
256 2 0 0 0 0 0 2 0 0
259 2 0 0 0 0 0 2 0 0
263 27 1 1 21 0 0 0 0 0
fl=./elf/./elf/dl-reloc.c
fn=_dl_protect_relro
352 8 0 0 0 0 0 4 0 0
353 12 1 1 4 3 0 0 0 0
356 24 0 0 12 0 0 0 0 0
359 8 0 0 0 0 0 0 0 0
363 8 1 1 0 0 0 0 0 0
364 24 0 0 0 0 0 4 0 0
370 8 0 0 8 0 0 0 0 0
fn=_dl_relocate_object
343 6 0 0 0 0 0 3 0 0
344 12 1 1 7 0 0 0 0 0
346 3 0 0 0 0 0 3 0 0
347 6 1 1 0 0 0 0 0 0
348 3 0 0 3 0 0 0 0 0
fn=_dl_relocate_object_no_relro
170 652 0 0 163 73 72 0 0 0
171 202 0 0 0 0 0 0 0 0
174 1036 1 1 101 1 0 0 0 0
175 91 3 3 7 0 0 0 0 0
177 7 0 0 7 0 0 0 0 0
178 21 0 0 7 0 0 7 0 0
182 188 1 1 0 0 0 0 0 0
183 94 0 0 0 0 0 94 0 0
184 94 1 1 0 0 0 94 0 0
186 758 1 1 376 0 0 6 0 0
187 179 0 0 0 0 0 88 0 0
188 440 0 0 88 1 0 0 0 0
189 88 0 0 0 0 0 0 0 0
190 699 3 3 188 0 0 304 0 0
193 94 0 0 94 0 0 0 0 0
194 658 0 0 282 0 0 94 1 0
196 7 0 0 7 0 0 0 0 0
207 44 2 2 0 0 0 32 0 0
217 8 0 0 0 0 0 0 0 0
218 12 0 0 0 0 0 4 0 0
220 8 0 0 0 0 0 4 0 0
223 8 0 0 0 0 0 0 0 0
225 4 0 0 4 0 0 0 0 0
226 12 1 1 4 0 0 0 0 0
246 20 1 1 8 0 0 0 0 0
247 8 0 0 4 3 0 0 0 0
248 2 0 0 0 0 0 0 0 0
250 8 1 1 0 0 0 0 0 0
257 12 1 1 4 1 0 0 0 0
296 10502 8 8 1191 219 207 39 0 0
298 20 0 0 8 0 0 0 0 0
321 4 1 1 4 0 0 0 0 0
324 8 0 0 0 0 0 0 0 0
338 32 0 0 28 1 0 0 0 0
fl=./elf/./elf/dl-runtime.c
fn=_dl_fixup
46 88 0 0 0 0 0 55 0 0
48 55 0 0 44 8 0 0 0 0
49 33 0 0 22 0 0 0 0 0
54 11 0 0 11 2 0 0 0 0
55 44 1 1 11 3 0 0 0 0
56 77 1 1 11 6 0 11 0 0
58 22 0 0 11 0 0 0 0 0
63 22 0 0 0 0 0 0 0 0
67 22 0 0 11 9 5 0 0 0
69 11 0 0 0 0 0 0 0 0
71 33 0 0 11 2 0 0 0 0
75 33 0 0 22 5 0 0 0 0
76 44 1 1 11 2 0 0 0 0
77 33 0 0 11 2 0 0 0 0
84 11 0 0 0 0 0 0 0 0
85 33 0 0 11 2 0 0 0 0
95 121 1 1 22 2 0 33 2 1
99 55 0 0 33 0 0 0 0 0
109 110 1 1 44 2 0 11 0 0
124 44 0 0 11 0 0 0 0 0
125 4 0 0 0 0 0 2 0 0
133 33 0 0 11 0 0 0 0 0
159 33 1 1 11 2 0 0 0 0
162 22 1 1 11 0 0 0 0 0
163 77 0 0 66 0 0 0 0 0
fl=./elf/./elf/dl-setup_hash.c
fn=_dl_setup_hash
25 4 0 0 0 0 0 0 0 0
28 12 1 1 4 0 0 0 0 0
31 12 1 1 8 0 0 0 0 0
32 8 0 0 4 3 3 4 0 0
33 4 0 0 4 0 0 0 0 0
34 4 0 0 4 0 0 0 0 0
36 12 0 0 0 0 0 0 0 0
37 4 0 0 0 0 0 4 0 0
38 12 1 1 4 0 0 4 0 0
40 4 0 0 0 0 0 4 0 0
41 8 0 0 0 0 0 0 0 0
43 4 0 0 0 0 0 4 0 0
45 16 0 0 0 0 0 4 0 0
50 4 0 0 4 0 0 0 0 0
fl=./elf/./elf/dl-sort-maps.c
fn=_dl_sort_maps
140 40 0 0 8 0 0 8 0 0
181 2 0 0 0 0 0 2 0 0
182 4 0 0 2 0 0 0 0 0
183 34 0 0 0 0 0 0 0 0
184 16 2 1 16 0 0 0 0 0
211 16 4 2 0 0 0 0 0 0
216 4 0 0 0 0 0 2 0 0
218 2 0 0 0 0 0 2 0 0
219 12 0 0 0 0 0 0 0 0
221 20 0 0 0 0 0 0 0 0
223 8 0 0 8 0 0 0 0 0
226 24 0 0 8 0 0 0 0 0
244 8 2 1 2 0 0 0 0 0
263 10 2 1 0 0 0 2 0 0
276 8 2 1 2 0 0 0 0 0
283 2 2 1 0 0 0 0 0 0
298 24 2 1 0 0 0 14 0 0
306 6 0 0 2 1 0 0 0 0
310 16 0 0 14 0 0 0 0 0
fn=_dl_sort_maps_init
289 1 1 1 0 0 0 0 0 0
290 4 0 0 0 0 0 1 0 0
291 1 0 0 0 0 0 1 0 0
292 3 0 0 1 0 0 0 0 0
293 2 0 0 1 0 0 0 0 0
fn=dfs_traversal.part.0
135 64 2 1 0 0 0 32 1 0
140 20 0 0 10 0 0 0 0 0
143 8 0 0 8 0 0 0 0 0
145 24 0 0 8 3 0 0 0 0
147 60 0 0 15 1 0 0 0 0
156 28 3 2 4 0 0 0 0 0
171 24 0 0 8 0 0 8 0 0
172 8 0 0 0 0 0 8 0 0
173 48 0 0 40 0 0 0 0 0
fl=./elf/./elf/dl-tunables.c
fn=__GI___tunable_set_val
163 36 1 1 0 0 0 0 0 0
165 6 0 0 0 0 0 0 0 0
fn=__GI___tunables_init
43 235 1 1 47 0 0 0 0 0
46 46 0 0 0 0 0 0 0 0
49 3987 1 1 563 22 22 0 0 0
53 92 0 0 0 0 0 0 0 0
57 184 0 0 0 0 0 0 0 0
245 2 0 0 0 0 0 0 0 0
294 9 0 0 0 0 0 6 0 0
300 3 1 1 1 0 0 0 0 0
304 33 0 0 0 0 0 27 5 5
306 1 0 0 0 0 0 0 0 0
317 1288 0 0 0 0 0 0 0 0
319 2898 0 0 414 1 1 0 0 0
320 414 0 0 0 0 0 0 0 0
322 1242 0 0 414 9 9 0 0 0
340 5 2 2 1 0 0 0 0 0
343 27 0 0 0 0 0 0 0 0
346 27 0 0 9 0 0 0 0 0
355 8 1 1 7 0 0 0 0 0
fn=__tunable_get_val
441 454 1 1 38 36 34 0 0 0
450 55 1 1 37 18 15 18 0 0
451 18 0 0 0 0 0 0 0 0
460 22 0 0 0 0 0 20 0 0
467 228 0 0 38 11 7 0 0 0
469 38 0 0 38 0 0 0 0 0
fn=do_tunable_update_val
70 12 1 1 0 0 0 0 0 0
73 30 0 0 6 0 0 0 0 0
83 6 0 0 6 0 0 0 0 0
94 24 1 1 12 0 0 0 0 0
95 30 0 0 12 0 0 0 0 0
98 12 0 0 0 0 0 0 0 0
101 30 1 1 0 0 0 0 0 0
105 12 0 0 0 0 0 0 0 0
112 12 1 1 0 0 0 0 0 0
113 12 1 1 0 0 0 0 0 0
116 6 0 0 0 0 0 6 0 0
117 6 0 0 0 0 0 6 0 0
118 6 0 0 0 0 0 6 0 0
119 12 0 0 6 0 0 6 0 0
fl=./elf/./elf/dl-tunables.h
fn=__GI___tunables_init
160 758 2 2 544 1 1 0 0 0
161 2054 0 0 0 0 0 0 0 0
fn=do_tunable_update_val
142 12 0 0 0 0 0 0 0 0
fl=./elf/./elf/dl-version.c
fn=_dl_check_all_versions
399 5 1 1 0 0 0 4 0 0
401 2 0 0 0 0 0 0 0 0
403 17 1 1 4 0 0 0 0 0
404 4 0 0 0 0 0 0 0 0
405 24 0 0 4 0 0 4 0 0
408 7 0 0 5 0 0 0 0 0
fn=_dl_check_map_versions
36 24 0 0 4 0 0 0 0 0
37 5 0 0 5 0 0 0 0 0
38 35 1 1 0 0 0 7 0 0
56 32 0 0 24 0 0 0 0 0
64 24 0 0 8 0 0 0 0 0
70 24 0 0 8 0 0 0 0 0
86 8 0 0 8 0 0 0 0 0
87 16 1 1 0 0 0 0 0 0
89 8 0 0 8 0 0 0 0 0
94 270 0 0 107 13 13 24 0 0
108 214 0 0 107 7 7 0 0 0
110 8 1 1 8 0 0 0 0 0
113 56 0 0 16 1 1 16 0 0
120 297 0 0 99 4 4 0 0 0
124 99 1 1 0 0 0 0 0 0
155 32 1 1 0 0 0 28 0 0
156 4 0 0 0 0 0 4 0 0
164 6 0 0 0 0 0 4 0 0
170 12 0 0 4 0 0 0 0 0
172 16 0 0 8 0 0 0 0 0
174 4 0 0 4 1 0 0 0 0
175 4 1 1 4 0 0 0 0 0
177 8 0 0 0 0 0 0 0 0
180 6 0 0 4 0 0 0 0 0
184 14 1 1 2 2 2 8 0 0
200 6 0 0 4 0 0 0 0 0
208 6 0 0 2 0 0 0 0 0
213 6 0 0 2 0 0 0 0 0
215 6 0 0 0 0 0 0 0 0
217 24 1 1 16 2 2 0 0 0
218 68 1 1 48 0 0 0 0 0
221 16 0 0 8 0 0 8 0 0
224 32 0 0 16 0 0 0 0 0
228 4 1 1 2 0 0 2 0 0
231 32 1 1 8 0 0 0 0 0
234 24 0 0 8 0 0 0 0 0
239 6 0 0 0 0 0 0 0 0
243 6 0 0 2 0 0 0 0 0
257 15 1 1 6 0 0 0 0 0
260 4 1 1 4 0 0 0 0 0
263 210 0 0 53 3 3 2 0 0
266 161 0 0 51 1 1 2 0 0
270 49 0 0 0 0 0 0 0 0
274 9 1 1 3 0 0 0 0 0
279 3 0 0 0 0 0 3 0 0
280 12 1 1 3 0 0 3 0 0
281 9 0 0 3 0 0 0 0 0
291 3 0 0 0 0 0 3 0 0
294 17 1 1 10 0 0 3 0 0
296 6 0 0 0 0 0 0 0 0
299 8 0 0 4 0 0 0 0 0
303 6 0 0 2 0 0 0 0 0
306 24 0 0 8 0 0 0 0 0
308 32 1 1 0 0 0 0 0 0
310 40 0 0 8 0 0 8 0 0
311 16 0 0 0 0 0 8 4 4
312 24 0 0 8 0 0 8 0 0
313 24 1 1 8 0 0 8 1 1
316 24 0 0 8 0 0 0 0 0
321 6 0 0 0 0 0 0 0 0
324 6 0 0 2 0 0 0 0 0
334 6 2 2 0 0 0 0 0 0
337 4 0 0 2 0 0 0 0 0
341 49 0 0 49 0 0 0 0 0
343 102 0 0 51 0 0 0 0 0
347 49 0 0 49 0 0 0 0 0
348 245 0 0 49 0 0 49 13 13
349 147 0 0 49 0 0 49 0 0
350 49 0 0 0 0 0 49 6 6
353 156 1 1 54 0 0 0 0 0
357 49 0 0 0 0 0 0 0 0
364 189 0 0 0 0 0 0 0 0
365 126 0 0 63 0 0 0 0 0
366 24 0 0 0 0 0 6 0 0
372 6 0 0 0 0 0 0 0 0
373 4 0 0 2 0 0 0 0 0
374 4 0 0 2 0 0 0 0 0
375 2 0 0 1 0 0 0 0 0
377 4 1 1 3 0 0 0 0 0
379 124 0 0 32 0 0 0 0 0
380 60 1 1 0 0 0 0 0 0
382 2 0 0 1 0 0 0 0 0
383 7 0 0 0 0 0 1 0 0
394 36 1 1 32 0 0 0 0 0
fl=./elf/./elf/do-rel.h
fn=_dl_relocate_object_no_relro
48 8 0 0 0 0 0 0 0 0
49 32 0 0 8 1 0 0 0 0
51 4 0 0 4 0 0 0 0 0
53 72 1 1 16 0 0 8 0 0
72 4 0 0 0 0 0 0 0 0
73 6 1 1 0 0 0 5 0 0
80 24 1 1 8 0 0 0 0 0
83 88 1 1 2 0 0 1 0 0
85 104 1 1 26 9 9 0 0 0
96 2 0 0 0 0 0 0 0 0
97 2 0 0 0 0 0 0 0 0
105 21 1 1 0 0 0 0 0 0
114 96 0 0 0 0 0 0 0 0
115 52 0 0 26 5 4 0 0 0
117 21 1 1 7 4 0 0 0 0
120 20 0 0 10 2 0 5 0 0
122 643 1 1 162 0 0 0 0 0
124 785 0 0 471 100 97 0 0 0
125 628 0 0 157 0 0 157 0 0
126 471 1 1 314 0 0 157 0 0
127 628 0 0 157 0 0 0 0 0
129 471 0 0 0 0 0 0 0 0
132 188 1 1 47 0 0 47 0 0
133 47 0 0 0 0 0 47 0 0
134 47 0 0 0 0 0 0 0 0
138 110 0 0 0 0 0 110 0 0
141 346 0 0 110 0 0 0 0 0
142 45 1 1 15 1 0 0 0 0
155 18 1 1 12 0 0 0 0 0
156 208 1 1 4 0 0 4 0 0
157 186 0 0 62 0 0 0 0 0
160 141 1 1 94 0 0 0 0 0
162 188 0 0 47 0 0 47 0 0
163 47 0 0 47 0 0 0 0 0
164 94 0 0 47 0 0 0 0 0
171 35 0 0 8 0 0 4 0 0
173 42 1 1 12 2 2 6 0 0
174 12 0 0 12 0 0 0 0 0
176 18 0 0 0 0 0 0 0 0
184 6 0 0 0 0 0 6 0 0
187 18 0 0 6 0 0 0 0 0
202 5 1 1 3 0 0 0 0 0
fn=_dl_start
48 2 1 1 0 0 0 0 0 0
49 8 0 0 2 0 0 0 0 0
51 1 0 0 1 0 0 0 0 0
53 16 0 0 4 0 0 0 0 0
56 4 0 0 0 0 0 0 0 0
61 10 1 1 0 0 0 0 0 0
63 3 0 0 1 0 0 0 0 0
64 2 1 1 0 0 0 0 0 0
65 1 0 0 1 0 0 0 0 0
fl=./elf/./elf/get-dynamic-info.h
fn=_dl_map_object_from_fd
39 4 1 1 0 0 0 0 0 0
43 2 0 0 0 0 0 0 0 0
45 194 0 0 49 13 13 0 0 0
49 94 0 0 0 0 0 0 0 0
51 26 0 0 0 0 0 0 0 0
52 13 1 1 0 0 0 0 0 0
53 3 0 0 0 0 0 0 0 0
54 42 0 0 0 0 0 0 0 0
55 34 0 0 0 0 0 0 0 0
56 10 0 0 0 0 0 0 0 0
59 8 1 1 0 0 0 0 0 0
62 8 1 1 0 0 0 0 0 0
64 8 1 1 0 0 0 0 0 0
68 47 0 0 0 0 0 47 12 12
72 8 0 0 2 0 0 0 0 0
84 7 0 0 3 0 0 0 0 0
85 8 1 1 4 0 0 0 0 0
86 8 0 0 4 0 0 0 0 0
87 8 0 0 4 0 0 0 0 0
88 7 0 0 3 1 1 0 0 0
89 7 0 0 3 1 1 0 0 0
90 7 1 1 3 1 1 0 0 0
91 8 0 0 4 0 0 0 0 0
103 16 1 1 4 0 0 2 0 0
110 6 0 0 2 0 0 0 0 0
115 2 0 0 1 0 0 0 0 0
122 2 0 0 1 0 0 0 0 0
123 6 0 0 4 0 0 0 0 0
129 6 0 0 2 0 0 0 0 0
130 3 0 0 2 0 0 0 0 0
147 6 1 1 2 0 0 0 0 0
152 2 0 0 1 0 0 1 0 0
154 2 0 0 0 0 0 0 0 0
156 2 0 0 0 0 0 0 0 0
158 2 0 0 0 0 0 0 0 0
159 1 0 0 0 0 0 1 0 0
162 6 1 1 2 0 0 0 0 0
164 6 0 0 2 0 0 2 0 0
165 4 0 0 0 0 0 0 0 0
174 4 0 0 2 0 0 0 0 0
175 6 1 1 0 0 0 0 0 0
180 4 1 1 0 0 0 0 0 0
181 2 0 0 1 0 0 1 0 0
184 4 0 0 2 0 0 0 0 0
fl=./elf/./elf/libc_early_init.c
fn=__libc_early_init
34 5 1 1 1 0 0 2 0 0
36 1 0 0 0 0 0 1 0 0
39 2 0 0 1 0 0 1 1 1
42 2 1 1 0 0 0 2 1 1
47 2 0 0 0 0 0 1 0 0
50 4 0 0 2 0 0 0 0 0
52 2 0 0 1 0 0 0 0 0
fl=./elf/./elf/rtld.c
fn=_dl_start
85 8 1 1 0 0 0 2 1 1
457 1 0 0 0 0 0 1 0 0
461 2 0 0 0 0 0 1 0 0
478 2 0 0 0 0 0 1 0 0
479 2 0 0 0 0 0 1 0 0
480 2 0 0 1 0 0 1 1 1
490 1 0 0 0 0 0 1 0 0
496 4 1 0 1 0 0 1 0 0
498 2 1 0 1 0 0 0 0 0
519 15 2 2 0 0 0 8 3 3
545 1 0 0 0 0 0 1 1 1
548 2 0 0 0 0 0 1 0 0
549 4 1 1 1 1 1 0 0 0
565 310 7 7 29 7 7 5 0 0
567 1 1 1 1 0 0 0 0 0
585 9 0 0 7 2 0 0 0 0
fn=dl_main
85 21 3 3 0 0 0 0 0 0
92 16 1 1 1 0 0 0 0 0
93 2 0 0 0 0 0 1 0 0
101 9 1 1 4 1 0 0 0 0
197 2 0 0 0 0 0 1 0 0
199 1 0 0 0 0 0 1 0 0
224 2 1 1 2 1 1 0 0 0
225 4 1 1 3 0 0 0 0 0
226 5 0 0 0 0 0 0 0 0
296 3 0 0 0 0 0 3 0 0
302 1 1 1 0 0 0 1 0 0
303 1 0 0 0 0 0 1 0 0
820 1 0 0 1 0 0 0 0 0
822 1 1 1 0 0 0 1 0 0
831 1 0 0 0 0 0 1 0 0
833 1 0 0 0 0 0 1 0 0
838 1 0 0 0 0 0 1 0 0
1098 1 0 0 1 0 0 0 0 0
1099 1 0 0 1 0 0 0 0 0
1101 1 0 0 0 0 0 0 0 0
1105 2 1 1 1 1 1 1 0 0
1107 1 0 0 1 0 0 0 0 0
1108 1 0 0 1 0 0 0 0 0
1123 1 0 0 0 0 0 0 0 0
1126 49 2 2 0 0 0 0 0 0
1127 128 4 4 24 8 8 0 0 0
1131 3 1 1 1 0 0 1 0 0
1136 3 0 0 2 0 0 1 0 0
1137 9 0 0 2 0 0 1 0 0
1146 3 0 0 0 0 0 2 0 0
1147 2 0 0 2 1 1 0 0 0
1149 1 0 0 0 0 0 1 0 0
1151 1 0 0 0 0 0 0 0 0
1159 8 0 0 4 0 0 0 0 0
1160 16 0 0 5 1 1 0 0 0
1161 8 0 0 4 0 0 0 0 0
1162 1 0 0 0 0 0 1 0 0
1164 12 0 0 4 0 0 0 0 0
1165 14 0 0 0 0 0 0 0 0
1169 8 0 0 4 3 3 0 0 0
1170 8 0 0 4 0 0 0 0 0
1171 4 0 0 0 0 0 4 0 0
1175 16 0 0 4 0 0 0 0 0
1203 2 1 1 1 0 0 1 0 0
1207 3 0 0 2 1 1 1 0 0
1213 28 0 0 0 0 0 0 0 0
1214 64 1 1 14 0 0 0 0 0
1220 18 0 0 0 0 0 1 0 0
1226 3 0 0 1 1 1 0 0 0
1229 2 1 1 1 0 0 0 0 0
1231 2 0 0 1 0 0 0 0 0
1256 2 0 0 1 1 1 0 0 0
1257 2 0 0 1 0 0 0 0 0
1259 2 0 0 1 0 0 0 0 0
1261 1 0 0 0 0 0 1 1 1
1262 2 0 0 1 0 0 1 0 0
1265 3 1 1 1 0 0 1 0 0
1271 1 0 0 0 0 0 0 0 0
1272 28 1 1 0 0 0 0 0 0
1273 9 0 0 0 0 0 0 0 0
1274 18 0 0 9 5 5 0 0 0
1276 17 1 1 5 2 2 0 0 0
1277 8 0 0 4 0 0 0 0 0
1278 16 0 0 0 0 0 0 0 0
1283 12 0 0 4 1 1 0 0 0
1290 2 1 1 0 0 0 0 0 0
1291 5 0 0 1 0 0 0 0 0
1293 3 2 2 2 0 0 1 0 0
1360 12 1 1 0 0 0 9 1 1
1365 1 0 0 0 0 0 0 0 0
1366 1 0 0 0 0 0 1 0 0
1372 1 0 0 0 0 0 1 1 1
1382 3 0 0 2 0 0 1 0 0
1383 4 0 0 2 0 0 0 0 0
1650 10 2 2 0 0 0 2 0 0
1652 2 0 0 0 0 0 0 0 0
1653 1 0 0 0 0 0 1 0 0
1654 2 1 1 1 0 0 1 0 0
1655 3 0 0 2 0 0 1 0 0
1659 3 0 0 0 0 0 1 0 0
1660 2 0 0 1 0 0 0 0 0
1685 1 0 0 0 0 0 1 0 0
1689 3 0 0 1 0 0 0 0 0
1690 6 0 0 2 0 0 1 0 0
1691 3 1 1 2 0 0 0 0 0
1692 3 0 0 3 0 0 0 0 0
1695 1 0 0 0 0 0 1 0 0
1697 1 0 0 0 0 0 1 1 1
1698 1 1 1 0 0 0 1 0 0
1700 2 0 0 1 0 0 0 0 0
1701 2 0 0 0 0 0 1 0 0
1705 2 0 0 1 0 0 0 0 0
1707 2 0 0 0 0 0 0 0 0
1715 3 0 0 1 0 0 0 0 0
1722 2 1 1 0 0 0 1 0 0
1725 2 0 0 1 0 0 0 0 0
1750 4 0 0 1 0 0 1 0 0
1752 1 0 0 0 0 0 1 0 0
1757 2 0 0 1 0 0 0 0 0
1760 4 1 1 2 0 0 1 0 0
1761 4 1 1 1 0 0 1 0 0
1762 2 0 0 1 0 0 1 0 0
1763 1 0 0 0 0 0 1 0 0
1764 1 0 0 1 0 0 0 0 0
1765 1 0 0 1 0 0 0 0 0
1770 2 0 0 1 1 1 0 0 0
1779 2 1 1 1 0 0 0 0 0
1783 1 0 0 0 0 0 0 0 0
1784 2 0 0 1 0 0 0 0 0
1808 2 1 1 0 0 0 2 0 0
1814 3 0 0 0 0 0 1 0 0
1819 3 0 0 0 0 0 1 0 0
1824 3 0 0 2 0 0 0 0 0
1826 1 1 1 0 0 0 0 0 0
1828 2 0 0 1 0 0 0 0 0
1832 5 0 0 1 0 0 1 0 0
1837 2 0 0 1 0 0 0 0 0
1853 6 0 0 0 0 0 1 0 0
1929 4 1 1 2 0 0 0 0 0
1933 9 2 2 0 0 0 0 0 0
1934 1 0 0 0 0 0 0 0 0
1937 3 0 0 0 0 0 1 0 0
1938 1 0 0 1 0 0 0 0 0
1939 2 0 0 0 0 0 0 0 0
1940 2 0 0 0 0 0 0 0 0
1945 3 0 0 1 0 0 0 0 0
1955 8 0 0 1 0 0 1 0 0
1961 22 0 0 1 0 0 0 0 0
1962 8 1 1 8 0 0 0 0 0
1965 3 0 0 2 0 0 1 0 0
1966 2 0 0 0 0 0 0 0 0
1967 1 0 0 0 0 0 1 0 0
1969 14 0 0 1 0 0 0 0 0
1970 9 1 1 3 0 0 0 0 0
1977 4 0 0 2 0 0 1 0 0
1978 3 0 0 1 0 0 0 0 0
1980 2 0 0 0 0 0 1 0 0
1982 2 0 0 0 0 0 0 0 0
1984 3 1 1 1 0 0 0 0 0
1998 7 2 2 2 0 0 0 0 0
1999 2 0 0 1 0 0 1 0 0
2000 3 1 1 1 0 0 0 0 0
2010 1 0 0 0 0 0 1 0 0
2011 4 0 0 0 0 0 1 0 0
2012 5 1 1 0 0 0 1 0 0
2022 2 0 0 1 0 0 1 0 0
2023 2 0 0 1 0 0 0 0 0
2024 4 1 1 0 0 0 2 0 0
2026 2 0 0 0 0 0 0 0 0
2031 3 0 0 1 0 0 0 0 0
2230 2 1 1 0 0 0 1 0 0
2234 2 0 0 1 0 0 1 1 0
2240 2 0 0 1 0 0 1 0 0
2243 2 0 0 1 0 0 0 0 0
2255 3 0 0 1 0 0 0 0 0
2258 1 0 0 1 0 0 0 0 0
2263 2 0 0 1 0 0 0 0 0
2267 7 0 0 2 0 0 1 0 0
2268 1 0 0 1 0 0 0 0 0
2277 15 2 2 0 0 0 0 0 0
2279 8 0 0 8 1 0 0 0 0
2284 8 0 0 8 3 0 0 0 0
2286 10 0 0 0 0 0 0 0 0
2288 1 1 1 0 0 0 1 0 0
2289 1 0 0 1 0 0 0 0 0
2292 4 0 0 4 0 0 0 0 0
2294 32 1 1 8 3 1 4 0 0
2298 10 0 0 5 2 0 0 0 0
2299 3 0 0 0 0 0 1 0 0
2306 1 0 0 0 0 0 1 0 0
2312 2 0 0 1 0 0 0 0 0
2316 4 1 1 2 1 0 0 0 0
2318 1 0 0 1 0 0 0 0 0
2325 3 0 0 1 0 0 1 0 0
2328 2 0 0 1 0 0 0 0 0
2332 3 1 1 2 1 0 0 0 0
2335 1 0 0 0 0 0 1 0 0
2340 2 0 0 1 0 0 0 0 0
2344 5 0 0 2 0 0 1 0 0
2347 1 0 0 0 0 0 1 0 0
2348 2 0 0 0 0 0 1 0 0
2351 2 0 0 0 0 0 1 0 0
2355 2 0 0 1 0 0 1 0 0
2360 3 0 0 1 0 0 1 0 0
2367 1 0 0 0 0 0 1 0 0
2371 3 0 0 0 0 0 1 0 0
2372 2 0 0 0 0 0 1 0 0
2376 3 0 0 0 0 0 1 0 0
2380 1 0 0 0 0 0 1 0 0
2385 8 0 0 7 2 0 0 0 0
2517 1 0 0 1 0 0 0 0 0
2588 1 1 1 0 0 0 1 1 1
2590 2 0 0 0 0 0 0 0 0
2592 15 0 0 0 0 0 3 0 0
2594 2 0 0 0 0 0 0 0 0
2596 107 0 0 21 0 0 0 0 0
2597 19 1 1 0 0 0 0 0 0
2605 15 0 0 2 1 1 0 0 0
2630 2 1 1 1 0 0 0 0 0
2640 4 2 2 2 0 0 0 0 0
2642 2 0 0 0 0 0 1 0 0
2643 1 0 0 0 0 0 0 0 0
2677 5 2 2 2 0 0 0 0 0
2679 2 1 1 0 0 0 1 0 0
2680 2 0 0 0 0 0 1 0 0
2681 1 0 0 0 0 0 0 0 0
2717 5 1 1 1 0 0 0 0 0
2740 5 0 0 1 0 0 1 0 0
fn=do_preload
787 6 1 1 0 0 0 3 0 0
789 1 0 0 0 0 0 1 0 0
793 1 0 0 0 0 0 1 0 0
794 1 0 0 0 0 0 1 0 0
795 1 0 0 0 0 0 1 0 0
797 1 0 0 1 0 0 0 0 0
799 6 1 1 0 0 0 1 0 0
800 3 0 0 1 0 0 0 0 0
808 3 0 0 1 0 0 0 0 0
814 5 0 0 4 0 0 0 0 0
fn=handle_preload_list
183 3 0 0 1 0 0 0 0 0
852 8 1 1 0 0 0 7 1 1
853 1 0 0 0 0 0 0 0 0
857 7 0 0 2 0 0 0 0 0
860 4 1 1 0 0 0 1 0 0
861 3 1 1 0 0 0 0 0 0
863 6 0 0 0 0 0 1 0 0
864 2 0 0 0 0 0 1 0 0
870 1 0 0 0 0 0 0 0 0
872 2 0 0 1 0 0 0 0 0
874 2 0 0 1 0 0 0 0 0
875 5 0 0 1 0 0 1 0 0
878 9 0 0 7 0 0 0 0 0
fn=init_tls
734 3 1 1 0 0 0 2 0 0
736 2 0 0 1 0 0 1 0 0
740 3 1 1 1 0 0 0 0 0
746 2 0 0 0 0 0 1 0 0
749 1 0 0 0 0 0 1 0 0
750 1 0 0 0 0 0 0 0 0
751 1 0 0 0 0 0 0 0 0
756 1 0 0 0 0 0 1 0 0
759 2 0 0 0 0 0 1 0 0
762 1 0 0 0 0 0 1 0 0
769 2 1 1 0 0 0 1 0 0
770 2 0 0 0 0 0 0 0 0
776 2 0 0 1 0 0 1 0 0
780 1 0 0 0 0 0 1 0 0
783 5 0 0 3 0 0 0 0 0
fn=map_doit
641 2 1 1 0 0 0 1 0 0
643 4 0 0 1 0 0 0 0 0
644 6 0 0 2 0 0 2 0 0
646 2 0 0 2 0 0 0 0 0
fn=version_check_doit
674 2 1 1 0 0 0 1 0 0
676 6 0 0 2 0 0 1 0 0
680 2 1 1 2 0 0 0 0 0
fl=./elf/./get-dynamic-info.h
fn=_dl_start
45 75 0 0 19 5 5 0 0 0
49 36 1 1 0 0 0 0 0 0
51 10 0 0 0 0 0 0 0 0
52 5 0 0 0 0 0 0 0 0
54 20 0 0 0 0 0 0 0 0
55 16 0 0 0 0 0 0 0 0
56 5 1 1 0 0 0 0 0 0
59 4 1 1 0 0 0 0 0 0
62 4 1 1 0 0 0 0 0 0
64 4 1 1 0 0 0 0 0 0
68 18 0 0 0 0 0 18 7 7
72 3 1 1 0 0 0 0 0 0
84 4 0 0 2 0 0 0 0 0
85 3 0 0 1 1 1 0 0 0
86 4 0 0 2 0 0 0 0 0
87 4 1 1 2 0 0 0 0 0
88 5 0 0 2 0 0 0 0 0
89 3 0 0 1 0 0 0 0 0
90 4 0 0 2 0 0 0 0 0
91 4 1 1 2 0 0 0 0 0
103 10 0 0 2 0 0 1 0 0
110 3 0 0 1 1 1 0 0 0
123 3 1 1 2 0 0 0 0 0
129 3 0 0 1 0 0 0 0 0
130 3 0 0 2 0 0 0 0 0
133 2 0 0 1 0 0 0 0 0
134 3 1 1 1 0 0 0 0 0
139 5 0 0 2 0 0 0 0 0
142 5 0 0 2 0 0 0 0 0
fn=dl_main
39 3 0 0 1 0 0 0 0 0
43 1 1 1 0 0 0 0 0 0
45 103 0 0 26 7 7 0 0 0
49 50 0 0 0 0 0 0 0 0
51 12 0 0 0 0 0 0 0 0
52 6 0 0 0 0 0 0 0 0
54 25 0 0 0 0 0 0 0 0
55 21 0 0 0 0 0 0 0 0
56 5 1 1 0 0 0 0 0 0
59 4 1 1 0 0 0 0 0 0
62 4 1 1 0 0 0 0 0 0
64 4 0 0 0 0 0 0 0 0
68 25 0 0 0 0 0 25 6 6
72 5 2 2 2 0 0 0 0 0
84 3 0 0 1 0 0 0 0 0
85 4 0 0 2 0 0 0 0 0
86 4 0 0 2 0 0 0 0 0
87 4 1 1 2 0 0 0 0 0
88 3 0 0 1 1 1 0 0 0
89 4 0 0 2 0 0 0 0 0
90 4 0 0 2 0 0 0 0 0
91 4 1 1 2 0 0 0 0 0
103 8 0 0 2 0 0 1 0 0
110 3 0 0 1 0 0 0 0 0
115 2 1 1 1 0 0 0 0 0
122 2 0 0 1 0 0 0 0 0
123 3 0 0 2 0 0 0 0 0
129 3 0 0 1 0 0 0 0 0
147 3 1 1 1 0 0 0 0 0
162 3 0 0 1 0 0 0 0 0
164 3 1 1 1 0 0 1 0 0
165 2 0 0 0 0 0 0 0 0
174 2 0 0 1 0 0 0 0 0
175 3 1 1 0 0 0 0 0 0
180 2 0 0 0 0 0 0 0 0
184 2 1 1 1 0 0 0 0 0
fl=./elf/./setup-vdso.h
fn=dl_main
24 2 0 0 1 0 0 0 0 0
fl=./io/../sysdeps/unix/sysv/linux/access.c
fn=access
27 7 1 1 0 0 0 1 0 0
31 1 0 0 1 0 0 0 0 0
fl=./io/../sysdeps/unix/sysv/linux/close_nocancel.c
fn=__GI___close_nocancel
26 12 1 1 0 0 0 0 0 0
27 3 0 0 3 0 0 0 0 0
fn=__close_nocancel
26 8 1 1 0 0 0 0 0 0
27 2 0 0 2 0 0 0 0 0
fl=./io/../sysdeps/unix/sysv/linux/fstat64.c
fn=fstat
39 20 3 2 0 0 0 0 0 0
72 5 0 0 5 0 0 0 0 0
fl=./io/../sysdeps/unix/sysv/linux/fstatat64.c
fn=fstatat
91 6 0 0 0 0 0 0 0 0
146 3 0 0 0 0 0 0 0 0
160 4 0 0 0 0 0 2 0 0
161 11 1 1 2 0 0 0 0 0
162 1 0 0 1 0 0 0 0 0
fl=./io/../sysdeps/unix/sysv/linux/open64.c
fn=open
30 15 2 2 3 0 0 6 0 0
33 16 0 0 0 0 0 0 0 0
36 5 0 0 0 0 0 3 0 0
38 1 0 0 0 0 0 0 0 0
41 31 0 0 4 0 0 6 0 0
43 15 1 1 9 0 0 0 0 0
fl=./io/../sysdeps/unix/sysv/linux/open64_nocancel.c
fn=__open_nocancel
28 6 0 0 0 0 0 6 2 2
31 42 1 1 0 0 0 0 0 0
39 51 2 2 0 0 0 3 0 0
41 6 0 0 6 0 0 0 0 0
fl=./io/../sysdeps/unix/sysv/linux/pread64_nocancel.c
fn=__pread64_nocancel
25 2 0 0 0 0 0 0 0 0
26 8 0 0 0 0 0 0 0 0
27 2 0 0 2 0 0 0 0 0
fl=./io/../sysdeps/unix/sysv/linux/read.c
fn=read
25 2 1 1 0 0 0 0 0 0
26 12 0 0 0 0 0 4 0 0
27 4 0 0 2 0 0 0 0 0
fl=./io/../sysdeps/unix/sysv/linux/read_nocancel.c
fn=__read_nocancel
26 8 1 1 0 0 0 0 0 0
27 2 0 0 2 0 0 0 0 0
fl=./io/../sysdeps/unix/sysv/linux/stat64.c
fn=stat
28 3 0 0 0 0 0 0 0 0
29 12 0 0 0 0 0 0 0 0
fl=./io/../sysdeps/unix/sysv/linux/write.c
fn=write
25 5 1 1 0 0 0 0 0 0
26 30 0 0 0 0 0 10 0 0
27 10 0 0 5 0 0 0 0 0
fl=./libio/./libio/filedoalloc.c
fn=_IO_file_doallocate
78 14 3 2 2 0 0 8 0 0
84 18 2 1 6 3 0 2 0 0
86 8 0 0 2 0 0 0 0 0
97 8 0 0 2 0 0 0 0 0
101 6 0 0 0 0 0 2 0 0
102 4 0 0 0 0 0 0 0 0
104 8 2 1 0 0 0 2 0 0
105 2 0 0 0 0 0 0 0 0
106 16 0 0 12 0 0 0 0 0
fl=./libio/./libio/fileops.c
fn=_IO_do_write@@GLIBC_2.2.5
425 2 0 0 0 0 0 1 0 0
427 19 2 2 0 0 0 1 0 0
428 6 0 0 6 0 0 0 0 0
fn=_IO_file_close
1169 4 0 0 2 0 0 0 0 0
fn=_IO_file_close_it@@GLIBC_2.2.5
129 6 1 1 0 0 0 6 0 0
131 6 0 0 2 0 0 0 0 0
134 4 1 1 0 0 0 0 0 0
135 6 0 0 2 0 0 0 0 0
136 9 0 0 3 0 0 1 0 0
138 2 0 0 0 0 0 0 0 0
140 4 0 0 0 0 0 2 0 0
143 14 1 1 6 0 0 2 0 0
146 6 0 0 2 0 0 0 0 0
154 10 1 1 0 0 0 2 0 0
155 8 0 0 0 0 0 6 0 0
158 4 0 0 0 0 0 2 0 0
159 2 0 0 0 0 0 2 0 0
160 2 0 0 0 0 0 2 0 0
161 2 0 0 0 0 0 2 0 0
163 4 1 1 0 0 0 0 0 0
164 10 0 0 8 0 0 0 0 0
fn=_IO_file_finish@@GLIBC_2.2.5
169 8 1 1 0 0 0 4 0 0
170 4 0 0 2 0 0 0 0 0
176 6 0 0 0 0 0 0 0 0
177 6 1 1 4 0 0 0 0 0
fn=_IO_file_fopen@@GLIBC_2.2.5
214 30 1 1 3 0 0 21 0 0
215 4 0 0 0 0 0 0 0 0
223 6 0 0 3 0 0 0 0 0
224 1 0 0 0 0 0 0 0 0
225 21 2 2 3 2 2 0 0 0
228 2 0 0 0 0 0 0 0 0
229 2 1 1 0 0 0 0 0 0
238 3 0 0 0 0 0 0 0 0
246 9 1 1 0 0 0 0 0 0
248 84 2 2 9 1 1 0 0 0
282 15 1 1 0 0 0 3 0 0
285 6 0 0 0 0 0 0 0 0
288 8 0 0 0 0 0 2 0 0
289 4 0 0 0 0 0 0 0 0
358 36 0 0 27 0 0 0 0 0
fn=_IO_file_open
183 24 1 1 0 0 0 9 0 0
185 6 0 0 3 0 0 0 0 0
186 3 0 0 0 0 0 0 0 0
189 6 0 0 0 0 0 3 0 0
190 6 0 0 0 0 0 0 0 0
191 1 0 0 0 0 0 0 0 0
192 2 0 0 0 0 0 2 0 0
193 12 1 1 2 0 0 2 0 0
196 6 0 0 0 0 0 0 0 0
206 4 1 1 0 0 0 2 0 0
207 2 0 0 0 0 0 0 0 0
208 12 0 0 12 0 0 0 0 0
fn=_IO_file_overflow@@GLIBC_2.2.5
733 16 1 1 0 0 0 12 0 0
734 12 1 1 4 0 0 0 0 0
741 20 0 0 4 0 0 0 0 0
744 4 1 1 0 0 0 0 0 0
746 4 1 1 0 0 0 2 0 0
747 12 0 0 2 0 0 4 0 0
756 6 0 0 2 0 0 0 0 0
765 6 1 1 2 0 0 0 0 0
767 2 0 0 0 0 0 2 0 0
768 2 0 0 0 0 0 2 0 0
769 2 0 0 0 0 0 2 0 0
770 6 0 0 2 0 0 4 0 0
772 6 0 0 0 0 0 2 0 0
773 10 0 0 2 0 0 0 0 0
774 1 0 0 0 0 0 1 0 0
776 8 1 1 0 0 0 0 0 0
777 8 0 0 0 0 0 0 0 0
778 10 0 0 6 0 0 0 0 0
789 12 0 0 12 0 0 0 0 0
fn=_IO_file_read
1134 2 0 0 2 0 0 0 0 0
1135 6 1 1 2 0 0 0 0 0
fn=_IO_file_stat
1149 4 2 1 2 0 0 0 0 0
fn=_IO_file_write@@GLIBC_2.2.5
1175 30 1 1 0 0 0 20 0 0
1176 10 0 0 0 0 0 0 0 0
1177 30 0 0 0 0 0 0 0 0
1181 15 1 1 5 0 0 0 0 0
1182 15 0 0 5 0 0 5 0 0
1183 10 0 0 0 0 0 0 0 0
1188 5 0 0 0 0 0 0 0 0
1189 5 0 0 0 0 0 0 0 0
1191 15 0 0 0 0 0 0 0 0
1192 15 0 0 5 0 0 0 0 0
1195 30 0 0 25 0 0 0 0 0
fn=_IO_file_xsgetn
1274 10 1 1 0 0 0 6 0 0
1281 2 1 1 1 0 0 0 0 0
1284 3 1 1 1 0 0 0 0 0
1289 3 1 1 0 0 0 1 0 0
1292 6 0 0 0 0 0 0 0 0
1294 6 0 0 4 0 0 0 0 0
1295 4 0 0 0 0 0 0 0 0
1303 4 0 0 0 0 0 0 0 0
1311 4 1 1 2 0 0 0 0 0
1320 6 0 0 2 0 0 0 0 0
1321 8 0 0 2 0 0 0 0 0
1331 6 0 0 0 0 0 6 0 0
1332 6 0 0 0 0 0 6 0 0
1339 4 0 0 0 0 0 0 0 0
1340 12 0 0 0 0 0 0 0 0
1343 8 1 1 4 0 0 2 0 0
1344 4 1 1 0 0 0 0 0 0
1347 7 1 1 1 0 0 1 0 0
1354 1 0 0 0 0 0 0 0 0
1355 1 0 0 0 0 0 0 0 0
1356 3 0 0 1 0 0 0 0 0
1361 2 0 0 0 0 0 0 0 0
1362 8 0 0 7 0 0 0 0 0
fn=_IO_file_xsputn@@GLIBC_2.2.5
1199 40 1 1 0 0 0 24 0 0
1201 4 1 1 0 0 0 0 0 0
1205 8 0 0 0 0 0 0 0 0
1206 4 1 1 0 0 0 0 0 0
1212 16 0 0 4 0 0 0 0 0
1214 4 0 0 4 0 0 0 0 0
1229 12 0 0 4 0 0 0 0 0
1245 24 1 1 8 0 0 4 0 0
1251 8 0 0 8 0 0 0 0 0
1252 17 1 1 0 0 0 0 0 0
1254 9 1 1 0 0 0 0 0 0
1256 16 0 0 0 0 0 4 0 0
1257 8 1 1 0 0 0 0 0 0
1258 8 0 0 0 0 0 0 0 0
1265 8 0 0 0 0 0 0 0 0
1266 4 0 0 0 0 0 1 0 0
1268 3 0 0 0 0 0 0 0 0
1269 32 1 1 28 0 0 0 0 0
fn=_IO_new_file_init_internal
107 6 1 1 0 0 0 3 0 0
111 3 1 1 0 0 0 3 0 0
112 3 0 0 3 0 0 0 0 0
114 3 0 0 0 0 0 3 0 0
115 3 0 0 0 0 0 3 0 0
116 6 0 0 6 0 0 0 0 0
fn=new_do_write
433 40 1 1 0 0 0 25 0 0
435 10 0 0 5 0 0 0 0 0
442 20 1 1 10 0 0 0 0 0
450 30 0 0 10 1 0 5 0 0
451 25 0 0 5 0 0 0 0 0
453 15 0 0 5 0 0 10 0 0
454 10 0 0 0 0 0 5 0 0
455 5 0 0 0 0 0 5 0 0
456 12 2 2 5 0 0 0 0 0
457 22 0 0 7 0 0 0 0 0
459 35 0 0 30 0 0 0 0 0
fl=./libio/./libio/genops.c
fn=_IO_cleanup
802 6 0 0 0 0 0 3 0 0
803 8 2 2 3 0 0 2 0 0
806 12 1 1 4 0 0 0 0 0
810 3 1 1 0 0 0 3 0 0
811 36 2 2 15 0 0 6 0 0
819 6 1 1 3 0 0 0 0 0
821 9 1 1 3 0 0 0 0 0
824 9 0 0 3 0 0 0 0 0
826 6 0 0 2 0 0 0 0 0
846 3 0 0 0 0 0 3 0 0
848 30 1 1 9 0 0 6 0 0
849 3 0 0 0 0 0 3 0 0
853 7 1 1 2 0 0 2 0 0
854 2 0 0 0 0 0 1 0 0
874 9 2 2 1 0 0 6 0 0
875 2 0 0 0 0 0 1 0 0
887 11 0 0 8 0 0 0 0 0
fn=_IO_default_finish
68 4 0 0 2 0 0 0 0 0
627 4 1 1 0 0 0 2 0 0
629 6 0 0 2 0 0 0 0 0
635 6 0 0 2 0 0 0 0 0
638 6 1 1 2 0 0 0 0 0
650 4 0 0 4 0 0 0 0 0
fn=_IO_default_xsputn
397 11 0 0 0 0 0 6 0 0
399 1 0 0 0 0 0 0 0 0
400 2 1 1 0 0 0 0 0 0
401 1 0 0 0 0 0 0 0 0
405 4 1 1 2 0 0 0 0 0
407 1 0 0 0 0 0 0 0 0
408 2 0 0 0 0 0 0 0 0
410 2 0 0 0 0 0 0 0 0
412 4 0 0 0 0 0 2 0 0
413 2 1 1 0 0 0 0 0 0
423 1 0 0 0 0 0 0 0 0
425 2 0 0 0 0 0 0 0 0
430 8 0 0 7 0 0 0 0 0
fn=_IO_doallocbuf
356 1 0 0 0 0 0 0 0 0
358 1 0 0 0 0 0 1 0 0
359 1 0 0 0 0 0 1 0 0
363 2 1 0 0 0 0 1 0 0
369 9 0 0 0 0 0 9 0 0
370 6 2 1 3 0 0 0 0 0
372 15 0 0 4 0 0 0 0 0
373 10 0 0 4 1 0 2 0 0
375 2 1 1 0 0 0 0 0 0
376 12 0 0 12 0 0 0 0 0
fn=_IO_flush_all
712 9 1 1 1 0 0 6 0 0
713 2 1 1 0 0 0 0 0 0
717 6 1 1 0 0 0 3 0 0
718 8 1 1 3 0 0 2 0 0
721 12 1 1 4 1 0 0 0 0
723 3 1 1 0 0 0 3 0 0
724 36 1 1 15 5 1 6 0 0
726 21 2 2 9 3 1 0 0 0
734 36 2 2 12 0 0 6 0 0
735 3 0 0 0 0 0 3 0 0
739 7 2 2 2 0 0 2 0 0
740 2 0 0 0 0 0 1 0 0
744 11 0 0 8 0 0 0 0 0
fn=_IO_link_in
109 20 1 1 0 0 0 15 0 0
110 25 0 0 10 0 0 5 0 0
112 9 1 1 0 0 0 3 0 0
114 18 0 0 0 0 0 9 0 0
115 27 2 2 9 1 1 6 0 0
116 3 0 0 0 0 0 3 0 0
117 30 1 1 12 0 0 6 0 0
119 6 1 1 3 0 0 3 0 0
122 6 0 0 0 0 0 3 0 0
123 6 0 0 0 0 0 0 0 0
124 6 0 0 0 0 0 3 0 0
126 3 0 0 0 0 0 3 0 0
128 24 1 1 3 0 0 6 0 0
129 3 1 1 0 0 0 3 0 0
130 18 0 0 3 0 0 6 0 0
131 6 1 1 0 0 0 3 0 0
134 43 0 0 30 0 0 0 0 0
fn=_IO_no_init
589 27 1 1 0 0 0 12 0 0
590 3 0 0 0 0 0 3 0 0
591 3 0 0 0 0 0 3 1 1
592 6 0 0 0 0 0 0 0 0
594 3 0 0 0 0 0 3 0 0
598 18 1 1 0 0 0 15 1 1
605 3 0 0 0 0 0 3 2 2
607 3 0 0 0 0 0 3 0 0
613 3 0 0 0 0 0 3 0 0
614 18 0 0 15 0 0 0 0 0
fn=_IO_old_init
558 6 1 1 0 0 0 3 1 1
560 15 1 1 3 1 1 0 0 0
565 24 0 0 0 0 0 21 2 2
570 3 0 0 0 0 0 3 0 0
576 9 0 0 0 0 0 6 0 0
581 9 0 0 3 0 0 0 0 0
582 6 0 0 0 0 0 6 2 2
584 3 0 0 3 0 0 0 0 0
fn=_IO_setb
355 36 1 1 0 0 0 16 0 0
356 20 0 0 8 0 0 0 0 0
357 2 0 0 0 0 0 2 0 0
358 4 0 0 0 0 0 4 0 0
359 4 0 0 0 0 0 4 0 0
361 28 1 1 2 0 0 4 0 0
364 24 0 0 20 0 0 0 0 0
fn=_IO_sgetn
435 2 1 1 0 0 0 1 0 0
437 3 1 1 2 1 0 0 0 0
438 2 0 0 1 0 0 0 0 0
fn=_IO_un_link
68 10 2 1 5 0 0 0 0 0
104 5 0 0 2 0 0 0 0 0
fn=_IO_unsave_markers
969 4 1 1 0 0 0 2 0 0
971 4 0 0 2 0 0 0 0 0
976 4 0 0 2 1 0 0 0 0
978 4 1 1 4 0 0 0 0 0
fn=__GI__IO_un_link.part.0
66 21 2 1 3 0 0 12 0 0
72 18 1 1 0 0 0 9 0 0
73 27 1 1 9 1 0 6 0 0
74 3 0 0 0 0 0 3 0 0
75 39 4 2 15 2 0 6 0 0
77 6 1 1 3 0 0 0 0 0
81 3 2 1 3 1 0 0 0 0
82 3 0 0 3 0 0 0 0 0
83 3 0 0 0 0 0 3 0 0
84 6 0 0 0 0 0 0 0 0
85 3 0 0 0 0 0 3 0 0
96 12 0 0 3 0 0 3 0 0
98 33 2 1 6 0 0 6 0 0
99 3 0 0 0 0 0 3 0 0
100 18 2 1 3 0 0 6 0 0
101 6 2 1 0 0 0 3 0 0
104 24 0 0 18 0 0 0 0 0
fl=./libio/./libio/iofclose.c
fn=fclose@@GLIBC_2.2.5
34 8 1 1 0 0 0 6 0 0
48 6 0 0 2 1 0 0 0 0
49 2 1 1 0 0 0 2 0 0
51 26 2 2 10 0 0 4 0 0
52 4 1 1 0 0 0 0 0 0
53 6 1 1 0 0 0 2 0 0
57 8 0 0 4 0 0 2 0 0
58 6 0 0 2 0 0 0 0 0
71 4 0 0 2 0 0 0 0 0
76 10 0 0 8 0 0 0 0 0
fl=./libio/./libio/iofopen.c
fn=__fopen_internal
37 4 0 0 2 0 0 0 0 0
57 24 1 1 0 0 0 15 0 0
65 6 0 0 0 0 0 3 0 0
67 9 0 0 0 0 0 0 0 0
68 2 0 0 0 0 0 0 0 0
70 6 0 0 0 0 0 3 2 2
72 21 1 1 0 0 0 3 0 0
73 6 0 0 0 0 0 3 0 0
74 6 0 0 0 0 0 3 0 0
75 21 1 1 0 0 0 3 0 0
78 2 0 0 0 0 0 1 0 0
79 2 0 0 0 0 0 1 0 0
81 21 0 0 18 0 0 0 0 0
fn=fopen@@GLIBC_2.2.5
86 6 1 1 0 0 0 0 0 0
fl=./libio/./libio/iofread.c
fn=fread
31 7 1 1 0 0 0 6 0 0
32 2 0 0 0 0 0 0 0 0
35 6 1 1 0 0 0 0 0 0
37 12 1 1 5 0 0 2 0 0
38 4 1 1 0 0 0 1 0 0
40 5 0 0 0 0 0 0 0 0
41 9 0 0 7 0 0 0 0 0
fl=./libio/./libio/iofwrite.c
fn=fwrite
31 7 1 1 0 0 0 6 0 0
32 2 0 0 0 0 0 0 0 0
35 6 0 0 0 0 0 0 0 0
37 12 2 2 5 3 0 2 0 0
38 4 1 1 1 0 0 1 0 0
39 5 0 0 2 0 0 1 0 0
45 4 1 1 0 0 0 0 0 0
46 1 0 0 0 0 0 0 0 0
49 9 0 0 7 0 0 0 0 0
fl=./libio/./libio/libioP.h
fn=_IO_cleanup
1036 2 1 1 0 0 0 0 0 0
fn=_IO_default_xsputn
1036 1 1 1 0 0 0 0 0 0
fn=_IO_doallocbuf
1036 6 0 0 0 0 0 0 0 0
1037 4 1 1 0 0 0 0 0 0
fn=_IO_file_close_it@@GLIBC_2.2.5
1036 6 0 0 0 0 0 0 0 0
1037 4 0 0 0 0 0 0 0 0
fn=_IO_file_doallocate
1036 6 0 0 0 0 0 0 0 0
1037 4 0 0 0 0 0 0 0 0
fn=_IO_file_xsgetn
1036 5 0 0 0 0 0 0 0 0
1037 4 0 0 0 0 0 0 0 0
fn=_IO_file_xsputn@@GLIBC_2.2.5
1036 12 0 0 0 0 0 0 0 0
1037 8 0 0 0 0 0 0 0 0
fn=_IO_flush_all
1036 2 0 0 0 0 0 0 0 0
fn=_IO_sgetn
1036 3 0 0 0 0 0 0 0 0
1037 2 0 0 0 0 0 0 0 0
fn=fclose@@GLIBC_2.2.5
962 8 0 0 4 0 0 0 0 0
963 8 0 0 2 1 0 0 0 0
969 4 0 0 0 0 0 2 0 0
990 10 0 0 2 0 0 0 0 0
991 18 0 0 6 0 0 4 0 0
1036 6 1 1 0 0 0 0 0 0
1037 4 0 0 0 0 0 0 0 0
fn=fread
990 2 0 0 1 0 0 0 0 0
991 9 1 1 3 0 0 2 0 0
fn=fwrite
990 2 0 0 1 0 0 0 0 0
991 9 1 1 3 0 0 2 0 0
1036 3 0 0 0 0 0 0 0 0
1037 2 0 0 0 0 0 0 0 0
fn=new_do_write
1036 15 0 0 0 0 0 0 0 0
1037 10 1 1 0 0 0 0 0 0
fl=./libio/./libio/stdfiles.c
fn=_IO_stdfiles_init
66 3 0 0 0 0 0 0 0 0
67 12 1 1 4 2 0 0 0 0
68 3 0 0 0 0 0 0 0 0
69 3 0 0 0 0 0 3 1 0
70 1 0 0 1 0 0 0 0 0
fl=./libio/./libio/vtables.c
fn=check_stdfiles_vtables
546 4 1 1 2 1 0 0 0 0
547 3 1 1 2 0 0 0 0 0
548 3 0 0 2 1 0 0 0 0
550 1 0 0 1 0 0 0 0 0
fl=./malloc/../string/bits/string_fortified.h
fn=calloc
59 3 0 0 0 0 0 0 0 0
fn=tcache_init.part.0
59 88 1 1 0 0 0 81 9 9
fl=./malloc/../sysdeps/generic/calloc-clear-memory.h
fn=calloc
27 2 0 0 0 0 0 0 0 0
fl=./malloc/../sysdeps/unix/sysv/linux/not-cancel.h
fn=ptmalloc_init.part.0
100 6 0 0 0 0 0 0 0 0
fl=./malloc/./malloc/arena.c
fn=calloc
153 2 1 1 0 0 0 0 0 0
264 2 1 1 0 0 0 1 0 0
fn=free
153 18 0 0 0 0 0 0 0 0
fn=malloc
153 18 0 0 0 0 0 0 0 0
fn=ptmalloc_init.part.0
262 6 2 2 1 0 0 3 0 0
267 1 0 0 0 0 0 1 0 0
292 2 1 1 1 0 0 0 0 0
296 3 1 1 1 1 0 1 0 0
300 4 1 1 0 0 0 1 0 0
301 4 0 0 0 0 0 1 0 0
302 4 1 1 0 0 0 1 0 0
303 4 0 0 0 0 0 1 0 0
304 4 0 0 0 0 0 1 0 0
305 4 1 1 0 0 0 1 0 0
306 4 0 0 0 0 0 1 0 0
308 4 0 0 0 0 0 1 0 0
309 4 1 1 0 0 0 1 0 0
310 4 0 0 0 0 0 1 0 0
313 4 0 0 0 0 0 1 0 0
314 4 0 0 0 0 0 1 0 0
316 2 1 1 1 1 1 0 0 0
326 7 0 0 5 0 0 0 0 0
fl=./malloc/./malloc/malloc.c
fn=_int_free_chunk
1796 2 1 1 2 0 0 0 0 0
4574 18 0 0 0 0 0 10 0 0
4582 4 1 1 0 0 0 0 0 0
4658 4 1 1 2 0 0 0 0 0
4661 4 0 0 2 0 0 0 0 0
4664 4 0 0 0 0 0 0 0 0
4667 8 1 1 0 0 0 0 0 0
4679 10 1 1 10 0 0 0 0 0
fn=_int_free_create_chunk
4755 16 1 1 0 0 0 6 0 0
4756 4 0 0 2 0 0 0 0 0
4762 2 0 0 1 0 0 0 0 0
4766 1 0 0 1 0 0 0 0 0
4770 2 0 0 0 0 0 0 0 0
4778 1 0 0 0 0 0 0 0 0
4779 1 0 0 1 0 0 0 0 0
4780 2 1 1 1 0 0 0 0 0
4782 2 0 0 0 0 0 1 0 0
4799 1 0 0 0 0 0 1 0 0
4800 1 0 0 0 0 0 1 0 0
4801 1 0 0 0 0 0 1 0 0
4802 1 0 0 0 0 0 1 0 0
4804 3 0 0 0 0 0 1 0 0
4805 1 0 0 0 0 0 1 0 0
4813 1 1 1 0 0 0 0 0 0
4814 3 0 0 0 0 0 1 0 0
4815 1 0 0 0 0 0 1 0 0
4820 10 0 0 8 0 0 0 0 0
fn=_int_free_maybe_consolidate.part.0
4826 10 1 1 1 0 0 7 0 0
4835 3 1 1 1 0 0 0 0 0
4838 3 0 0 0 0 0 0 0 0
4841 5 1 1 3 0 0 0 0 0
4855 11 1 1 9 0 0 0 0 0
fn=_int_free_merge_chunk
1994 6 0 0 2 0 0 0 0 0
4707 10 1 1 0 0 0 10 0 0
4708 2 0 0 0 0 0 0 0 0
4712 12 1 1 2 0 0 0 0 0
4715 8 0 0 2 0 0 0 0 0
4717 6 1 1 2 0 0 0 0 0
4720 6 0 0 2 0 0 0 0 0
4723 4 0 0 0 0 0 0 0 0
4724 4 0 0 0 0 0 0 0 0
4725 4 0 0 2 0 0 0 0 0
4731 4 1 1 2 0 0 0 0 0
4733 1 0 0 1 0 0 0 0 0
4734 1 0 0 0 0 0 0 0 0
4735 1 0 0 0 0 0 0 0 0
4736 4 0 0 1 0 0 0 0 0
4738 2 0 0 0 0 0 1 0 0
4742 12 0 0 0 0 0 2 0 0
4744 13 1 1 11 0 0 0 0 0
4833 4 0 0 0 0 0 0 0 0
fn=_int_malloc
1328 22 1 1 0 0 0 0 0 0
1347 44 0 0 0 0 0 0 0 0
1796 11 0 0 11 1 0 0 0 0
3170 4 1 1 0 0 0 0 0 0
3904 99 1 1 0 0 0 66 0 0
3945 22 0 0 0 0 0 0 0 0
3972 22 0 0 0 0 0 0 0 0
3992 44 1 1 0 0 0 0 0 0
4035 22 1 1 0 0 0 0 0 0
4037 24 0 0 0 0 0 0 0 0
4038 8 1 1 0 0 0 0 0 0
4040 12 0 0 4 0 0 0 0 0
4097 160 1 1 0 0 0 0 0 0
4098 21 0 0 7 1 0 0 0 0
4116 31 0 0 10 0 0 0 0 0
4117 33 0 0 0 0 0 0 0 0
4118 33 1 1 22 0 0 0 0 0
4128 55 1 1 11 1 0 11 0 0
4315 33 2 1 0 0 0 0 0 0
4317 28 0 0 0 0 0 0 0 0
4320 21 1 0 7 1 0 0 0 0
4321 11 1 1 0 0 0 0 0 0
4388 11 0 0 0 0 0 0 0 0
4389 22 0 0 0 0 0 0 0 0
4390 22 0 0 0 0 0 0 0 0
4391 22 2 1 11 1 0 0 0 0
4392 88 0 0 0 0 0 0 0 0
4397 44 0 0 0 0 0 0 0 0
4401 66 2 1 0 0 0 0 0 0
4404 55 0 0 11 0 0 0 0 0
4501 11 0 0 11 0 0 0 0 0
4502 22 0 0 11 1 0 0 0 0
4504 22 0 0 11 1 0 0 0 0
4507 33 0 0 0 0 0 0 0 0
4509 5 0 0 0 0 0 0 0 0
4510 5 0 0 0 0 0 0 0 0
4511 5 0 0 0 0 0 5 0 0
4512 40 0 0 0 0 0 5 0 0
4514 10 0 0 0 0 0 5 5 5
4517 5 0 0 0 0 0 0 0 0
4518 5 0 0 0 0 0 0 0 0
4524 18 1 1 6 0 0 0 0 0
4539 24 1 1 0 0 0 6 0 0
4540 12 0 0 0 0 0 0 0 0
4541 66 2 2 11 0 0 22 0 0
4545 99 2 1 77 0 0 0 0 0
fn=alloc_perturb
1987 33 1 1 11 0 0 0 0 0
1989 11 0 0 11 0 0 0 0 0
fn=calloc
1328 2 1 1 0 0 0 0 0 0
1347 5 0 0 0 0 0 0 0 0
3215 2 0 0 1 0 0 0 0 0
3216 3 0 0 1 0 0 0 0 0
3217 3 1 1 1 0 0 0 0 0
3313 4 1 1 2 0 0 1 0 0
3359 2 0 0 0 0 0 0 0 0
3361 4 0 0 2 0 0 0 0 0
3775 6 1 1 0 0 0 5 0 0
3783 9 0 0 0 0 0 0 0 0
3791 2 0 0 1 1 1 0 0 0
3812 2 1 1 1 0 0 0 0 0
3822 1 0 0 1 0 0 0 0 0
3823 4 1 1 1 0 0 0 0 0
3830 1 0 0 0 0 0 0 0 0
3844 3 2 2 0 0 0 1 0 0
3846 8 0 0 1 0 0 0 0 0
3849 2 0 0 1 0 0 0 0 0
3874 1 1 1 0 0 0 0 0 0
3877 1 0 0 0 0 0 0 0 0
3886 3 1 1 1 0 0 0 0 0
3889 5 0 0 0 0 0 0 0 0
3893 1 0 0 0 0 0 0 0 0
3895 6 0 0 5 0 0 0 0 0
fn=free
3165 4 0 0 0 0 0 4 0 0
3167 16 1 1 4 2 0 4 0 0
3168 4 0 0 0 0 0 4 0 0
3169 8 0 0 0 0 0 4 0 0
3252 12 0 0 0 0 0 0 0 0
3253 30 2 1 12 0 0 0 0 0
3262 12 0 0 8 0 0 0 0 0
3265 16 0 0 8 2 0 0 0 0
3271 4 0 0 0 0 0 0 0 0
3437 77 0 0 0 0 0 66 0 0
3441 28 1 1 0 0 0 0 0 0
3449 22 0 0 22 2 0 0 0 0
3451 11 0 0 0 0 0 0 0 0
3453 33 0 0 11 7 0 0 0 0
3457 15 0 0 5 1 0 0 0 0
3459 20 0 0 5 1 0 0 0 0
3461 2 0 0 0 0 0 1 0 0
3462 2 0 0 0 0 0 1 0 0
3466 10 0 0 0 0 0 5 1 0
3470 18 2 1 12 0 0 0 0 0
3479 11 1 1 0 0 0 11 0 0
3480 88 0 0 77 0 0 0 0 0
4558 24 1 1 0 0 0 0 0 0
4559 12 0 0 0 0 0 0 0 0
4563 24 0 0 0 0 0 0 0 0
4690 12 0 0 0 0 0 0 0 0
4699 15 1 1 3 0 0 2 0 0
fn=malloc
1328 20 0 0 0 0 0 0 0 0
1347 50 1 1 0 0 0 0 0 0
3180 2 0 0 1 0 0 0 0 0
3184 2 0 0 0 0 0 0 0 0
3188 4 0 0 1 0 0 1 0 0
3192 2 0 0 0 0 0 1 0 0
3193 1 0 0 0 0 0 1 0 0
3215 20 0 0 10 0 0 0 0 0
3217 9 0 0 3 0 0 0 0 0
3359 20 0 0 0 0 0 0 0 0
3361 40 0 0 20 2 0 0 0 0
3385 50 2 1 0 0 0 30 0 0
3392 20 0 0 10 1 0 0 0 0
3404 18 1 1 9 0 0 0 0 0
3406 36 2 1 0 0 0 9 0 0
3407 45 0 0 9 0 0 0 0 0
3432 50 1 1 40 0 0 0 0 0
fn=munmap_chunk
3026 5 0 0 0 0 0 0 0 0
3027 10 0 0 10 1 0 0 0 0
3028 15 2 1 5 0 0 0 0 0
3030 10 0 0 0 0 0 0 0 0
3032 5 0 0 0 0 0 0 0 0
3033 15 0 0 5 0 0 0 0 0
3034 5 0 0 0 0 0 0 0 0
3040 20 0 0 0 0 0 0 0 0
3041 25 0 0 0 0 0 0 0 0
3044 5 1 1 10 0 0 0 0 0
3045 15 0 0 10 0 0 0 0 0
3050 10 0 0 0 0 0 0 0 0
3051 5 0 0 0 0 0 0 0 0
fn=ptmalloc_init.part.0
1948 385 0 0 0 0 0 0 0 0
1951 381 0 0 0 0 0 127 33 32
1959 1 0 0 0 0 0 1 1 1
1960 1 0 0 0 0 0 1 1 1
1962 1 0 0 0 0 0 1 0 0
3145 2 0 0 0 0 0 0 0 0
fn=sysmalloc
2010 9 1 1 3 0 0 0 0 0
2534 66 2 2 6 0 0 42 0 0
2554 12 0 0 12 0 0 0 0 0
2555 1 0 0 0 0 0 1 0 0
2565 12 0 0 0 0 0 0 0 0
2566 12 0 0 6 0 0 0 0 0
2567 15 0 0 10 0 0 0 0 0
2570 20 0 0 5 0 0 0 0 0
2578 20 1 1 0 0 0 5 0 0
2579 10 0 0 0 0 0 0 0 0
2590 1 0 0 1 0 0 0 0 0
2591 3 1 1 1 0 0 0 0 0
2592 1 0 0 0 0 0 0 0 0
2601 6 0 0 0 0 0 0 0 0
2610 3 1 1 0 0 0 0 0 0
2671 2 1 1 1 0 0 0 0 0
2680 4 0 0 1 0 0 0 0 0
2693 3 1 1 1 0 0 0 0 0
2701 5 0 0 0 0 0 1 0 0
2709 2 0 0 0 0 0 0 0 0
2711 5 2 2 0 0 0 3 0 0
2712 4 0 0 1 0 0 0 0 0
2746 2 1 1 1 1 1 0 0 0
2747 2 1 1 0 0 0 1 0 0
2748 4 0 0 1 0 0 1 0 0
2754 2 0 0 0 0 0 0 0 0
2757 4 2 2 1 0 0 0 0 0
2784 3 0 0 2 0 0 0 0 0
2785 3 0 0 0 0 0 1 0 0
2797 3 1 1 0 0 0 0 0 0
2819 3 0 0 0 0 0 0 0 0
2820 6 0 0 0 0 0 1 0 0
2822 2 1 1 0 0 0 0 0 0
2823 5 0 0 0 0 0 3 0 0
2835 5 0 0 2 0 0 0 0 0
2877 1 0 0 0 0 0 1 0 0
2878 4 1 1 0 0 0 1 1 1
2879 2 0 0 0 0 0 1 0 0
2890 2 0 0 0 0 0 0 0 0
2923 2 1 1 1 0 0 0 0 0
2924 1 0 0 0 0 0 1 0 0
2929 2 0 0 1 0 0 0 0 0
2932 2 0 0 0 0 0 0 0 0
2934 1 0 0 0 0 0 0 0 0
2935 1 0 0 0 0 0 0 0 0
2936 1 0 0 0 0 0 1 0 0
2937 7 1 1 0 0 0 1 0 0
2938 2 0 0 0 0 0 1 1 1
2940 1 0 0 0 0 0 0 0 0
2946 66 1 1 54 0 0 0 0 0
3263 3 1 1 0 0 0 0 0 0
fn=sysmalloc_mmap.isra.0
2010 20 1 1 5 0 0 0 0 0
2402 15 1 1 0 0 0 15 0 0
2415 15 0 0 0 0 0 0 0 0
2420 10 0 0 0 0 0 0 0 0
2423 50 1 1 0 0 0 5 0 0
2426 10 0 0 0 0 0 0 0 0
2430 10 0 0 0 0 0 0 0 0
2434 20 0 0 0 0 0 5 0 0
2450 15 1 1 0 0 0 0 0 0
2468 5 0 0 0 0 0 5 5 5
2469 15 0 0 0 0 0 5 0 0
2473 15 0 0 10 0 0 0 0 0
2474 25 1 1 10 0 0 0 0 0
2477 15 0 0 10 0 0 0 0 0
2478 25 0 0 10 0 0 0 0 0
2483 25 0 0 20 0 0 0 0 0
fn=tcache_init.part.0
3307 2 1 1 0 0 0 1 0 0
3316 8 0 0 3 0 0 0 0 0
3317 3 1 1 0 0 0 1 0 0
3318 2 0 0 0 0 0 0 0 0
3326 4 0 0 2 0 0 0 0 0
3335 2 0 0 1 0 0 1 0 0
3339 3 0 0 2 0 0 0 0 0
fn=unlink_chunk.isra.0
1610 1 1 1 0 0 0 0 0 0
1612 5 1 1 2 0 0 0 0 0
1615 2 0 0 2 0 0 0 0 0
1616 2 0 0 1 0 0 0 0 0
1618 4 0 0 2 0 0 0 0 0
1621 1 0 0 0 0 0 1 0 0
1622 1 0 0 0 0 0 1 0 0
1623 5 1 1 1 0 0 0 0 0
1647 2 0 0 1 0 0 0 0 0
fl=./malloc/./malloc/morecore.c
fn=__glibc_morecore
25 2 0 0 0 0 0 0 0 0
26 4 1 1 2 0 0 0 0 0
29 2 1 1 0 0 0 2 0 0
30 4 0 0 0 0 0 0 0 0
34 4 0 0 2 0 0 0 0 0
fl=./malloc/./malloc/scratch_buffer_set_array_size.c
fn=__libc_scratch_buffer_set_array_size
30 18 1 1 0 0 0 6 0 0
34 2 0 0 0 0 0 0 0 0
35 4 0 0 0 0 0 0 0 0
45 4 0 0 2 0 0 0 0 0
46 2 0 0 0 0 0 0 0 0
63 8 1 1 8 0 0 0 0 0
fl=./misc/../sysdeps/unix/syscall-template.S
fn=mprotect
117 16 1 1 0 0 0 0 0 0
122 4 0 0 4 0 0 0 0 0
fn=munmap
117 24 1 1 0 0 0 0 0 0
122 6 0 0 6 0 0 0 0 0
fl=./misc/../sysdeps/unix/sysv/linux/brk.c
fn=brk
37 4 1 1 2 0 0 2 0 0
38 4 0 0 0 0 0 0 0 0
44 2 0 0 0 0 0 0 0 0
45 2 0 0 2 0 0 0 0 0
fl=./misc/../sysdeps/unix/sysv/linux/brk_call.h
fn=brk
24 4 1 1 0 0 0 0 0 0
fl=./misc/../sysdeps/unix/sysv/linux/mmap64.c
fn=mmap
47 68 0 0 0 0 0 34 1 1
50 34 2 2 0 0 0 0 0 0
53 88 3 3 2 0 0 0 0 0
58 102 0 0 0 0 0 0 0 0
60 51 0 0 51 0 0 0 0 0
fl=./misc/../sysdeps/unix/sysv/linux/setvmaname.c
fn=__set_vma_name
33 27 1 1 0 0 0 18 0 0
35 32 1 1 13 1 1 5 0 0
40 14 1 1 2 0 0 2 1 1
47 2 1 1 0 0 0 2 0 0
48 1 0 0 0 0 0 0 0 0
49 48 2 2 34 0 0 0 0 0
fl=./misc/./misc/init-misc.c
fn=__init_misc
30 4 0 0 0 0 0 2 0 0
31 5 2 2 1 0 0 0 0 0
33 3 0 0 0 0 0 1 0 0
37 5 0 0 1 0 0 1 1 0
38 3 0 0 2 0 0 1 0 0
40 4 0 0 3 0 0 0 0 0
fl=./misc/./misc/sbrk.c
fn=sbrk
37 8 0 0 0 0 0 6 0 0
40 4 1 1 4 1 1 0 0 0
43 4 1 1 2 0 0 0 0 0
58 4 0 0 0 0 0 0 0 0
59 4 1 1 0 0 0 1 0 0
62 4 0 0 0 0 0 0 0 0
63 2 0 0 1 0 0 0 0 0
66 4 0 0 0 0 0 0 0 0
74 3 0 0 0 0 0 1 0 0
78 10 0 0 8 0 0 0 0 0
fl=./nptl/../sysdeps/unix/sysv/linux/x86/elision-conf.c
fn=__lll_elision_init
92 2 1 1 0 0 0 1 0 0
96 7 0 0 1 0 0 2 0 0
98 4 1 1 0 0 0 1 0 0
100 4 0 0 0 0 0 1 0 0
102 4 0 0 0 0 0 1 0 0
104 4 1 1 0 0 0 1 0 0
107 3 0 0 1 1 1 0 0 0
108 1 0 0 0 0 0 1 1 1
109 6 0 0 4 0 0 0 0 0
fl=./nptl/./nptl/alloca_cutoff.c
fn=__libc_alloca_cutoff
28 18 2 2 2 1 0 0 0 0
35 2 0 0 2 0 0 0 0 0
fl=./nptl/./nptl/cancellation.c
fn=__internal_syscall_cancel
30 20 2 1 0 0 0 10 0 0
37 20 0 0 20 1 0 0 0 0
38 20 0 0 10 1 0 0 0 0
40 20 0 0 10 0 0 0 0 0
64 20 0 0 20 0 0 0 0 0
fn=__syscall_cancel
74 10 2 1 0 0 0 0 0 0
75 20 0 0 10 0 0 20 0 0
78 3 1 1 1 1 0 1 0 0
79 41 0 0 20 0 0 0 0 0
80 20 0 0 10 0 0 0 0 0
fl=./nptl/./nptl/libc-cleanup.c
fn=__libc_cleanup_pop_restore
57 16 0 0 8 0 0 8 0 0
59 24 3 1 16 0 0 0 0 0
60 24 0 0 8 0 0 0 0 0
71 8 0 0 8 0 0 0 0 0
fn=__libc_cleanup_push_defer
25 8 2 1 8 0 0 0 0 0
27 16 0 0 8 1 0 8 0 0
29 16 3 1 8 0 0 0 0 0
32 16 0 0 0 0 0 0 0 0
46 24 0 0 0 0 0 8 0 0
48 8 0 0 0 0 0 8 0 0
49 8 0 0 8 0 0 0 0 0
fl=./nptl/./nptl/pthread_mutex_conf.c
fn=__pthread_tunables_init
55 2 1 1 0 0 0 1 0 0
56 6 0 0 1 0 0 2 0 0
58 4 1 1 0 0 0 1 0 0
60 4 0 0 0 0 0 1 0 0
62 6 0 0 4 0 0 0 0 0
fl=./nptl/./nptl/pthread_mutex_lock.c
fn=pthread_mutex_lock@@GLIBC_2.2.5
44 1 1 1 1 0 0 0 0 0
45 7 0 0 2 0 0 0 0 0
46 1 0 0 0 0 0 1 0 0
77 2 0 0 0 0 0 1 0 0
80 3 1 1 1 0 0 0 0 0
84 2 0 0 0 0 0 0 0 0
88 2 1 1 0 0 0 0 0 0
97 2 1 1 0 0 0 0 0 0
108 4 0 0 1 0 0 0 0 0
112 1 1 1 1 0 0 0 0 0
115 2 0 0 1 0 0 0 0 0
124 1 0 0 0 0 0 0 0 0
130 3 0 0 1 0 0 0 0 0
131 2 1 1 0 0 0 1 0 0
179 1 1 1 1 0 0 0 0 0
182 1 0 0 0 0 0 1 0 0
184 1 0 0 1 0 0 0 0 0
190 3 0 0 2 0 0 0 0 0
fl=./nptl/./nptl/pthread_mutex_unlock.c
fn=__pthread_mutex_unlock_usercnt
39 1 0 0 1 0 0 0 0 0
40 4 0 0 1 0 0 0 0 0
41 1 0 0 0 0 0 1 0 0
48 1 0 0 0 0 0 0 0 0
51 3 1 1 1 0 0 0 0 0
52 2 0 0 0 0 0 0 0 0
57 2 0 0 0 0 0 0 0 0
62 1 0 0 0 0 0 1 0 0
63 2 1 1 0 0 0 0 0 0
65 2 0 0 1 0 0 0 0 0
72 1 0 0 0 0 0 0 0 0
74 2 1 1 0 0 0 0 0 0
80 4 0 0 1 0 0 0 0 0
84 3 1 1 2 0 0 0 0 0
87 3 0 0 1 0 0 0 0 0
104 2 0 0 1 0 0 0 0 0
fn=pthread_mutex_unlock@@GLIBC_2.2.5
368 2 1 1 0 0 0 0 0 0
fl=./posix/../malloc/dynarray-skeleton.c
fn=__unregister_atfork
243 2 0 0 2 1 1 0 0 0
fl=./posix/../sysdeps/unix/sysv/linux/_exit.c
fn=_Exit
27 1 1 1 1 0 0 0 0 0
30 4 0 0 0 0 0 0 0 0
fl=./posix/./posix/register-atfork.c
fn=__unregister_atfork
71 4 0 0 0 0 0 0 0 0
82 4 1 1 0 0 0 2 0 0
83 8 1 1 2 1 1 0 0 0
109 8 1 1 4 0 0 0 0 0
110 4 0 0 4 0 0 0 0 0
fl=./resource/../sysdeps/unix/sysv/linux/getrlimit64.c
fn=getrlimit
38 1 1 1 0 0 0 0 0 0
39 7 1 1 0 0 0 0 0 0
40 1 0 0 1 0 0 0 0 0
fl=./setjmp/../sysdeps/x86_64/bsd-_setjmp.S
fn=_setjmp
30 1 1 1 0 0 0 0 0 0
32 1 0 0 0 0 0 0 0 0
fl=./setjmp/../sysdeps/x86_64/setjmp.S
fn=__sigsetjmp
33 4 2 2 0 0 0 4 0 0
42 4 0 0 0 0 0 0 0 0
43 8 0 0 4 0 0 0 0 0
44 4 0 0 0 0 0 4 0 0
48 4 0 0 0 0 0 4 0 0
49 4 0 0 0 0 0 4 0 0
50 4 1 1 0 0 0 4 2 2
51 4 0 0 0 0 0 4 0 0
52 4 0 0 0 0 0 0 0 0
54 8 0 0 4 0 0 0 0 0
56 4 0 0 0 0 0 4 0 0
57 4 1 1 4 0 0 0 0 0
60 8 0 0 4 0 0 0 0 0
62 4 0 0 0 0 0 4 0 0
81 3 0 0 0 0 0 0 0 0
82 3 0 0 3 0 0 0 0 0
85 1 0 0 0 0 0 0 0 0
fl=./setjmp/./setjmp/sigjmp.c
fn=__sigjmp_save
28 2 0 0 0 0 0 1 0 0
29 1 0 0 0 0 0 1 0 0
30 2 0 0 0 0 0 0 0 0
34 3 0 0 2 0 0 0 0 0
fl=./stdio-common/../include/../locale/localeinfo.h
fn=__printf_fp_l_buffer
330 6 2 2 6 2 0 0 0 0
fl=./stdio-common/../include/printf_buffer.h
fn=__printf_buffer
148 6 1 1 4 0 0 0 0 0
149 8 0 0 0 0 0 4 0 0
163 14 2 2 0 0 0 0 0 0
164 5 1 1 0 0 0 1 0 0
fn=__printf_buffer_to_file_init
124 6 0 0 0 0 0 3 0 0
127 3 0 0 0 0 0 3 0 0
128 3 0 0 0 0 0 3 0 0
137 6 0 0 0 0 0 3 0 0
fn=__printf_fp_buffer_1.isra.0
163 10 0 0 4 0 0 0 0 0
fl=./stdio-common/../include/rounding-mode.h
fn=__printf_fp_buffer_1.isra.0
52 4 1 1 0 0 0 0 0 0
fl=./stdio-common/../libio/libioP.h
fn=__printf_buffer_flush_to_file
1036 9 1 1 0 0 0 0 0 0
1037 6 0 0 0 0 0 0 0 0
fl=./stdio-common/../string/bits/string_fortified.h
fn=__printf_buffer_pad_1
59 3 0 0 0 0 0 1 0 0
fn=__printf_buffer_write
29 42 0 0 0 0 0 14 0 0
fn=__printf_fp_buffer_1.isra.0
29 8 1 1 4 0 0 4 0 0
fl=./stdio-common/../sysdeps/generic/get-rounding-mode.h
fn=__printf_fp_buffer_1.isra.0
94 2 1 1 0 0 0 2 0 0
95 14 0 0 2 0 0 0 0 0
fl=./stdio-common/../sysdeps/pthread/allocalim.h
fn=__printf_fp_buffer_1.isra.0
27 4 0 0 0 0 0 2 0 0
29 10 1 1 0 0 0 2 0 0
fl=./stdio-common/./stdio-common/Xprintf_buffer_done.c
fn=__printf_buffer_done
26 9 1 1 3 0 0 0 0 0
31 6 0 0 6 0 0 0 0 0
33 33 1 1 3 0 0 0 0 0
40 3 0 0 3 0 0 0 0 0
fl=./stdio-common/./stdio-common/Xprintf_buffer_pad_1.c
fn=__printf_buffer_pad_1
24 7 0 0 0 0 0 4 0 0
25 3 1 1 1 0 0 0 0 0
33 5 1 1 2 0 0 0 0 0
36 1 0 0 0 0 0 0 0 0
37 2 0 0 0 0 0 0 0 0
39 1 0 0 0 0 0 0 0 0
40 3 0 0 1 0 0 1 0 0
43 2 0 0 0 0 0 0 0 0
44 6 1 1 5 0 0 0 0 0
fl=./stdio-common/./stdio-common/Xprintf_buffer_write.c
fn=__printf_buffer_write
27 102 1 1 0 0 0 68 0 0
28 51 1 1 17 0 0 0 0 0
31 90 0 0 0 0 0 0 0 0
33 70 1 1 28 0 0 0 0 0
36 14 0 0 0 0 0 0 0 0
37 28 0 0 0 0 0 0 0 0
40 42 0 0 14 0 0 14 0 0
41 14 0 0 0 0 0 0 0 0
44 102 1 1 85 0 0 0 0 0
fl=./stdio-common/./stdio-common/_itoa.c
fn=_itoa_word
172 12 1 1 0 0 0 0 0 0
174 6 0 0 0 0 0 0 0 0
183 186 2 2 12 1 1 12 0 0
192 6 0 0 3 0 0 0 0 0
fl=./stdio-common/./stdio-common/fprintf.c
fn=fprintf
27 46 3 2 3 0 0 31 0 0
31 18 0 0 0 0 0 12 0 0
32 9 1 1 0 0 0 3 0 0
36 15 0 0 9 0 0 0 0 0
fl=./stdio-common/./stdio-common/printf-parse.h
fn=__printf_buffer
53 2 0 0 1 0 0 0 0 0
55 29 4 4 5 0 0 1 0 0
56 2 0 0 0 0 0 0 0 0
64 2 0 0 0 0 0 0 0 0
65 7 1 1 0 0 0 0 0 0
68 1 0 0 0 0 0 0 0 0
82 47 1 1 0 0 0 14 0 0
fl=./stdio-common/./stdio-common/printf_buffer_to_file.c
fn=__printf_buffer_flush_to_file
49 15 0 0 0 0 0 9 0 0
51 12 0 0 9 0 0 0 0 0
53 12 0 0 3 0 0 0 0 0
58 9 1 1 0 0 0 0 0 0
59 18 0 0 9 1 0 3 0 0
65 6 0 0 0 0 0 0 0 0
104 12 0 0 9 0 0 0 0 0
fn=__printf_buffer_to_file_done
117 6 0 0 0 0 0 3 0 0
118 9 0 0 3 0 0 0 0 0
120 3 0 0 0 0 0 3 0 0
121 6 0 0 0 0 0 0 0 0
122 3 0 0 3 0 0 0 0 0
fn=__printf_buffer_to_file_init
109 6 1 1 0 0 0 0 0 0
111 3 0 0 0 0 0 3 0 0
112 3 0 0 0 0 0 0 0 0
fn=__printf_buffer_to_file_switch
30 30 1 1 18 1 1 0 0 0
40 6 0 0 0 0 0 0 0 0
41 6 0 0 0 0 0 0 0 0
44 24 1 1 0 0 0 12 0 0
45 6 0 0 6 0 0 0 0 0
fl=./stdio-common/./stdio-common/printf_fp.c
fn=__printf_fp_buffer_1.isra.0
138 36 2 2 2 0 0 26 3 0
159 16 1 1 2 0 0 2 0 0
177 2 0 0 0 0 0 2 0 0
187 2 0 0 0 0 0 2 1 0
221 4 0 0 0 0 0 0 0 0
222 2 0 0 0 0 0 2 0 0
226 8 2 2 4 0 0 0 0 0
230 34 5 4 6 2 2 2 1 0
234 2 0 0 0 0 0 0 0 0
266 10 1 1 2 0 0 0 0 0
267 2 0 0 0 0 0 0 0 0
268 4 0 0 0 0 0 0 0 0
271 14 1 1 0 0 0 2 0 0
272 8 0 0 0 0 0 2 0 0
273 8 0 0 0 0 0 2 0 0
279 2 0 0 0 0 0 2 0 0
280 4 1 1 0 0 0 0 0 0
283 2 0 0 0 0 0 0 0 0
293 6 0 0 0 0 0 2 0 0
294 6 0 0 0 0 0 0 0 0
297 6 0 0 0 0 0 0 0 0
301 8 0 0 0 0 0 0 0 0
305 8 0 0 0 0 0 2 1 0
306 2 0 0 0 0 0 0 0 0
308 12 1 1 0 0 0 0 0 0
309 18 0 0 4 0 0 2 0 0
310 4 0 0 0 0 0 0 0 0
311 10 1 1 2 0 0 4 0 0
313 4 1 1 0 0 0 0 0 0
318 26 0 0 0 0 0 0 0 0
322 154 1 1 50 6 6 0 0 0
324 14 1 1 4 0 0 0 0 0
327 4 0 0 2 0 0 0 0 0
337 2 0 0 2 0 0 0 0 0
368 4 0 0 2 0 0 2 0 0
369 8 0 0 2 0 0 0 0 0
385 18 1 1 8 0 0 2 0 0
388 8 0 0 2 0 0 2 0 0
389 8 1 1 6 0 0 0 0 0
390 10 0 0 0 0 0 0 0 0
391 8 0 0 0 0 0 0 0 0
394 26 0 0 0 0 0 0 0 0
396 78 0 0 0 0 0 0 0 0
397 4 1 1 2 0 0 2 0 0
403 4 0 0 0 0 0 0 0 0
407 22 1 1 8 0 0 0 0 0
411 8 0 0 2 0 0 0 0 0
413 4 0 0 0 0 0 0 0 0
439 4 0 0 2 0 0 0 0 0
442 16 1 1 0 0 0 0 0 0
458 6 0 0 0 0 0 4 0 0
460 6 1 1 2 0 0 0 0 0
461 12 0 0 6 0 0 2 0 0
463 12 0 0 6 0 0 0 0 0
477 4 1 1 0 0 0 2 0 0
665 6 1 1 4 0 0 2 0 0
674 12 1 1 8 1 1 2 0 0
676 4 0 0 0 0 0 0 0 0
680 4 0 0 2 0 0 2 0 0
686 4 0 0 2 0 0 0 0 0
688 2 0 0 0 0 0 2 0 0
689 6 1 1 2 0 0 0 0 0
692 8 0 0 4 0 0 0 0 0
694 16 2 1 4 0 0 6 0 0
696 4 1 1 0 0 0 2 0 0
701 2 0 0 2 0 0 0 0 0
738 8 1 1 2 0 0 0 0 0
746 8 1 1 2 0 0 2 0 0
759 14 1 1 2 0 0 2 0 0
760 6 0 0 2 0 0 2 0 0
763 4 0 0 0 0 0 0 0 0
766 42 3 3 12 0 0 2 0 0
769 12 0 0 0 0 0 8 0 0
771 2 0 0 0 0 0 0 0 0
773 12 1 1 6 0 0 0 0 0
775 6 0 0 2 0 0 2 0 0
787 2 0 0 0 0 0 0 0 0
788 4 0 0 2 0 0 2 0 0
789 6 0 0 0 0 0 0 0 0
790 18 1 1 2 0 0 0 0 0
792 4 0 0 0 0 0 0 0 0
793 12 0 0 4 0 0 8 0 0
794 4 0 0 0 0 0 0 0 0
795 4 2 1 0 0 0 0 0 0
796 16 0 0 0 0 0 0 0 0
805 6 0 0 4 0 0 0 0 0
806 8 0 0 2 0 0 4 0 0
808 14 2 1 2 0 0 0 0 0
924 6 0 0 0 0 0 0 0 0
931 4 0 0 0 0 0 0 0 0
935 6 2 2 2 0 0 0 0 0
980 12 3 2 6 0 0 0 0 0
983 4 0 0 0 0 0 2 0 0
987 10 3 2 2 0 0 0 0 0
988 2 0 0 2 0 0 0 0 0
991 6 0 0 2 0 0 0 0 0
994 8 2 2 0 0 0 2 0 0
996 16 0 0 4 0 0 0 0 0
1001 4 1 1 0 0 0 0 0 0
1003 4 0 0 0 0 0 0 0 0
1006 4 1 1 0 0 0 0 0 0
1009 6 1 1 2 0 0 0 0 0
1022 8 1 1 2 0 0 2 0 0
1024 6 0 0 4 0 0 0 0 0
1028 4 1 1 2 0 0 0 0 0
1030 22 0 0 18 0 0 0 0 0
fn=__printf_fp_l_buffer
1099 34 2 2 2 0 0 18 0 0
1102 6 1 1 2 0 0 0 0 0
1111 2 0 0 0 0 0 2 0 0
1112 4 0 0 0 0 0 2 0 0
1115 8 0 0 2 0 0 4 0 0
1116 8 1 1 2 1 1 0 0 0
1117 6 0 0 0 0 0 0 0 0
1122 14 1 1 6 0 0 2 0 0
1126 2 0 0 0 0 0 0 0 0
1147 22 0 0 18 0 0 0 0 0
fn=hack_digit
88 40 1 1 0 0 0 20 1 0
91 30 0 0 10 0 0 0 0 0
93 30 0 0 10 0 0 0 0 0
95 20 0 0 20 0 0 0 0 0
101 20 0 0 0 0 0 0 0 0
105 70 2 2 20 0 0 10 0 0
107 40 0 0 30 0 0 10 0 0
108 10 0 0 10 0 0 0 0 0
110 20 0 0 10 0 0 10 0 0
111 60 1 1 20 0 0 0 0 0
122 40 0 0 10 0 0 10 0 0
123 20 0 0 0 0 0 0 0 0
124 50 0 0 20 0 0 20 0 0
127 20 0 0 0 0 0 0 0 0
128 50 0 0 30 0 0 0 0 0
fl=./stdio-common/./stdio-common/vfprintf-internal.c
fn=__printf_buffer
263 6 0 0 0 0 0 0 0 0
264 6 0 0 0 0 0 0 0 0
266 2 1 0 0 0 0 2 0 0
600 36 1 1 0 0 0 24 0 0
627 15 1 1 9 0 0 6 0 0
631 3 0 0 0 0 0 3 0 0
634 3 0 0 0 0 0 3 0 0
638 12 0 0 6 0 0 6 0 0
642 3 0 0 0 0 0 3 0 0
653 6 1 1 0 0 0 3 0 0
654 9 0 0 0 0 0 0 0 0
655 9 0 0 3 0 0 0 0 0
659 9 0 0 3 0 0 0 0 0
663 27 1 1 9 2 2 3 0 0
683 8 0 0 0 0 0 8 0 0
684 8 0 0 0 0 0 8 0 0
685 8 0 0 0 0 0 8 0 0
686 8 0 0 0 0 0 8 0 0
687 8 0 0 0 0 0 0 0 0
690 16 1 1 0 0 0 0 0 0
691 8 0 0 0 0 0 0 0 0
692 8 0 0 0 0 0 0 0 0
693 8 0 0 0 0 0 0 0 0
694 8 0 0 0 0 0 0 0 0
695 8 0 0 0 0 0 0 0 0
698 8 0 0 0 0 0 8 0 0
699 8 0 0 0 0 0 8 0 0
705 112 3 3 24 3 3 0 0 0
744 4 0 0 4 2 0 0 0 0
784 3 1 1 3 0 0 0 0 0
807 2 1 1 0 0 0 0 0 0
810 12 0 0 2 1 1 0 0 0
813 2 0 0 0 0 0 0 0 0
814 6 1 1 2 0 0 0 0 0
840 6 0 0 0 0 0 0 0 0
855 26 1 1 4 1 1 0 0 0
870 2 0 0 0 0 0 0 0 0
871 34 2 2 6 1 1 0 0 0
876 4 0 0 0 0 0 0 0 0
877 2 0 0 0 0 0 0 0 0
878 32 2 2 6 1 1 0 0 0
973 4 0 0 2 0 0 0 0 0
976 68 2 2 12 0 0 12 0 0
996 22 1 1 6 0 0 4 0 0
997 4 0 0 0 0 0 2 0 0
1001 2 0 0 0 0 0 0 0 0
1018 8 0 0 8 0 0 0 0 0
1024 8 1 1 0 0 0 0 0 0
1028 24 0 0 0 0 0 8 0 0
1029 16 0 0 0 0 0 0 0 0
1031 31 0 0 13 0 0 0 0 0
1044 33 1 1 27 0 0 0 0 0
fn=__vfprintf_internal
1522 39 3 2 3 0 0 21 0 0
1525 14 0 0 3 1 0 1 0 0
1529 15 1 1 3 1 0 0 0 0
1540 6 0 0 3 1 0 0 0 0
1543 12 2 1 0 0 0 3 0 0
1544 15 1 1 0 0 0 3 0 0
1545 9 0 0 0 0 0 3 0 0
1567 33 2 2 27 0 0 0 0 0
fl=./stdio-common/./stdio-common/vfprintf-process-arg.c
fn=__printf_buffer
66 3 2 1 0 0 0 3 0 0
67 3 0 0 0 0 0 0 0 0
92 3 0 0 0 0 0 0 0 0
93 3 0 0 0 0 0 3 0 0
94 4 1 1 0 0 0 3 0 0
126 6 0 0 0 0 0 0 0 0
127 14 0 0 4 0 0 2 0 0
128 2 1 1 0 0 0 0 0 0
130 2 1 1 0 0 0 0 0 0
131 7 0 0 2 0 0 1 0 0
136 6 1 1 0 0 0 0 0 0
138 3 0 0 0 0 0 0 0 0
155 45 3 2 3 0 0 21 0 0
161 24 2 1 12 0 0 0 0 0
164 9 0 0 3 0 0 3 0 0
170 21 0 0 6 0 0 6 0 0
174 3 0 0 0 0 0 0 0 0
186 6 0 0 0 0 0 0 0 0
187 14 2 2 4 0 0 0 0 0
195 15 2 2 0 0 0 0 0 0
197 9 2 2 3 0 0 0 0 0
199 15 0 0 3 0 0 3 0 0
201 6 1 1 2 0 0 0 0 0
208 17 0 0 6 0 0 2 0 0
211 6 1 1 3 0 0 0 0 0
230 2 0 0 0 0 0 0 0 0
233 3 0 0 1 0 0 0 0 0
236 6 0 0 0 0 0 0 0 0
240 15 0 0 6 0 0 3 0 0
403 8 0 0 3 0 0 1 0 0
408 2 1 1 0 0 0 0 0 0
422 8 2 2 0 0 0 0 0 0
430 2 0 0 0 0 0 0 0 0
435 4 2 2 0 0 0 1 0 0
455 2 0 0 0 0 0 0 0 0
461 3 0 0 1 0 0 0 0 0
501 4 2 2 0 0 0 1 0 0
502 1 0 0 0 0 0 0 0 0
fl=./stdlib/../sysdeps/ieee754/dbl-64/dbl2mpn.c
fn=__mpn_extract_double
33 4 0 0 0 0 0 0 0 0
35 2 2 1 0 0 0 0 0 0
37 6 0 0 0 0 0 2 0 0
38 10 0 0 0 0 0 2 0 0
47 6 2 1 0 0 0 2 1 0
56 6 0 0 0 0 0 0 0 0
103 4 0 0 0 0 0 2 0 0
107 4 0 0 2 0 0 0 0 0
fl=./stdlib/../sysdeps/unix/sysv/linux/getrandom.c
fn=__getrandom_early_init
238 5 1 1 1 0 0 2 0 0
241 6 1 1 2 1 0 0 0 0
278 6 0 0 4 0 0 0 0 0
fl=./stdlib/../sysdeps/x86_64/lshift.S
fn=__mpn_lshift
29 2 1 1 0 0 0 0 0 0
30 2 0 0 0 0 0 0 0 0
32 2 0 0 0 0 0 0 0 0
33 2 0 0 0 0 0 0 0 0
34 2 0 0 0 0 0 0 0 0
46 2 1 1 0 0 0 0 0 0
47 2 0 0 0 0 0 0 0 0
48 2 0 0 2 0 0 0 0 0
49 2 0 0 0 0 0 0 0 0
50 2 0 0 0 0 0 0 0 0
51 2 0 0 0 0 0 0 0 0
52 2 0 0 0 0 0 0 0 0
58 2 0 0 0 0 0 0 0 0
59 2 0 0 0 0 0 2 0 0
60 2 0 0 2 0 0 0 0 0
fl=./stdlib/../sysdeps/x86_64/mul_1.S
fn=__mpn_mul_1
32 10 1 1 0 0 0 10 0 0
35 10 0 0 0 0 0 0 0 0
36 10 0 0 10 0 0 0 0 0
37 10 0 0 0 0 0 0 0 0
38 10 0 0 0 0 0 0 0 0
39 10 0 0 0 0 0 0 0 0
41 10 0 0 0 0 0 0 0 0
42 10 0 0 0 0 0 0 0 0
44 10 0 0 0 0 0 0 0 0
45 10 0 0 0 0 0 0 0 0
46 10 0 0 0 0 0 0 0 0
47 10 0 0 0 0 0 0 0 0
48 10 0 0 0 0 0 0 0 0
50 10 0 0 0 0 0 0 0 0
51 10 0 0 0 0 0 0 0 0
52 10 0 0 0 0 0 10 0 0
53 10 0 0 0 0 0 0 0 0
122 10 2 1 0 0 0 0 0 0
124 10 0 0 10 0 0 0 0 0
127 10 0 0 10 0 0 0 0 0
fl=./stdlib/../sysdeps/x86_64/rshift.S
fn=__mpn_rshift
29 4 1 1 0 0 0 0 0 0
30 4 0 0 0 0 0 0 0 0
31 4 0 0 0 0 0 0 0 0
44 4 1 1 0 0 0 0 0 0
45 4 0 0 0 0 0 0 0 0
61 4 0 0 0 0 0 0 0 0
62 4 0 0 4 0 0 0 0 0
63 4 0 0 4 0 0 0 0 0
64 4 1 1 0 0 0 0 0 0
65 4 0 0 0 0 0 0 0 0
66 4 0 0 0 0 0 0 0 0
67 4 0 0 0 0 0 0 0 0
72 4 0 0 0 0 0 0 0 0
73 4 0 0 0 0 0 4 0 0
74 4 0 0 0 0 0 0 0 0
75 4 0 0 0 0 0 4 0 0
76 4 0 0 4 0 0 0 0 0
fl=./stdlib/./stdlib/cmp.c
fn=__mpn_cmp
35 4 1 1 0 0 0 0 0 0
37 2 0 0 2 0 0 0 0 0
38 2 0 0 2 0 0 0 0 0
39 4 0 0 0 0 0 0 0 0
47 10 0 0 2 0 0 0 0 0
fl=./stdlib/./stdlib/cxa_atexit.c
fn=__cxa_atexit
68 2 1 1 0 0 0 0 0 0
fn=__internal_atexit
36 5 1 1 0 0 0 4 0 0
41 2 0 0 0 0 0 0 0 0
43 8 1 1 1 1 0 0 0 0
44 2 0 0 0 0 0 1 0 0
46 2 0 0 0 0 0 0 0 0
52 3 0 0 1 0 0 0 0 0
53 1 0 0 0 0 0 1 0 0
54 1 0 0 0 0 0 1 0 0
55 1 0 0 0 0 0 1 0 0
56 1 0 0 0 0 0 1 0 0
57 4 1 1 2 0 0 0 0 0
58 1 0 0 0 0 0 0 0 0
59 6 0 0 5 0 0 0 0 0
fn=__new_exitfn
80 4 0 0 0 0 0 2 0 0
81 1 0 0 0 0 0 0 0 0
86 2 1 1 1 1 1 0 0 0
91 9 0 0 2 1 0 0 0 0
93 4 1 1 1 1 1 0 0 0
101 1 0 0 0 0 0 1 0 0
122 1 1 1 0 0 0 0 0 0
123 1 1 1 0 0 0 1 0 0
134 1 0 0 0 0 0 0 0 0
136 1 0 0 0 0 0 1 0 0
137 1 0 0 1 0 0 0 0 0
141 5 0 0 3 0 0 0 0 0
fl=./stdlib/./stdlib/cxa_finalize.c
fn=__cxa_finalize
45 16 1 0 0 0 0 12 0 0
48 10 0 0 2 0 0 0 0 0
51 14 2 2 4 0 0 0 0 0
55 14 0 0 2 0 0 0 0 0
108 14 2 2 4 1 0 0 0 0
112 12 0 0 2 1 0 0 0 0
119 4 0 0 0 0 0 0 0 0
120 4 0 0 0 0 0 2 0 0
121 8 0 0 4 0 0 0 0 0
122 16 0 0 14 0 0 0 0 0
fl=./stdlib/./stdlib/cxa_thread_atexit_impl.c
fn=__call_tls_dtors
148 3 1 1 0 0 0 2 0 0
149 4 0 0 2 1 0 0 0 0
165 4 1 1 3 0 0 0 0 0
fl=./stdlib/./stdlib/divrem.c
fn=__mpn_divrem
46 120 2 2 0 0 0 80 2 0
47 10 0 0 0 0 0 10 0 0
49 20 0 0 0 0 0 0 0 0
62 20 1 1 20 0 0 0 0 0
63 10 0 0 10 0 0 0 0 0
65 20 0 0 0 0 0 0 0 0
72 110 1 1 10 0 0 0 0 0
73 30 0 0 10 0 0 10 0 0
76 30 0 0 10 0 0 0 0 0
79 10 1 1 0 0 0 10 0 0
81 10 0 0 0 0 0 0 0 0
234 90 1 1 80 0 0 0 0 0
fl=./stdlib/./stdlib/exit.c
fn=__run_exit_handlers
45 10 1 1 0 0 0 7 0 0
47 9 1 1 4 1 1 1 0 0
50 2 0 0 0 0 0 0 0 0
51 2 1 1 0 0 0 1 0 0
53 6 0 0 1 1 0 0 0 0
64 1 1 1 1 1 0 0 0 0
66 2 0 0 0 0 0 0 0 0
70 1 0 0 0 0 0 1 1 0
74 6 0 0 2 1 0 0 0 0
76 2 0 0 0 0 0 1 0 0
77 1 0 0 1 0 0 0 0 0
79 7 1 1 1 0 0 0 0 0
111 1 0 0 0 0 0 1 0 0
112 1 1 1 1 0 0 0 0 0
113 1 0 0 1 0 0 0 0 0
114 3 0 0 1 0 0 0 0 0
117 4 0 0 2 0 0 0 0 0
118 3 0 0 0 0 0 1 0 0
119 4 1 1 1 0 0 0 0 0
123 3 1 1 1 0 0 0 0 0
129 2 0 0 1 0 0 1 0 0
130 2 0 0 0 0 0 0 0 0
136 4 1 1 2 0 0 0 0 0
138 2 0 0 1 0 0 0 0 0
139 2 0 0 0 0 0 1 0 0
141 2 0 0 0 0 0 1 0 0
fn=exit
147 1 1 1 0 0 0 0 0 0
148 4 0 0 0 0 0 1 0 0
fl=./string/../include/rtld-malloc.h
fn=strdup
56 6 0 0 3 0 0 3 0 0
fl=./string/../string/strcspn.c
fn=strcspn
32 3 1 1 0 0 0 1 0 0
33 3 0 0 1 1 1 0 0 0
34 2 0 0 1 0 0 0 0 0
39 6 0 0 0 0 0 4 2 2
40 4 1 1 0 0 0 4 1 1
41 4 0 0 0 0 0 4 1 1
42 4 1 1 0 0 0 4 0 0
44 1 0 0 0 0 0 0 0 0
47 9 0 0 3 0 0 3 0 0
48 6 0 0 0 0 0 0 0 0
51 4 0 0 2 0 0 0 0 0
52 4 1 1 2 0 0 0 0 0
53 4 0 0 2 0 0 0 0 0
54 4 0 0 2 0 0 0 0 0
56 5 0 0 0 0 0 0 0 0
61 13 0 0 0 0 0 0 0 0
62 26 1 1 26 1 1 0 0 0
63 26 0 0 26 0 0 0 0 0
64 26 0 0 26 0 0 0 0 0
65 13 0 0 13 0 0 0 0 0
67 78 0 0 13 0 0 0 0 0
69 1 0 0 0 0 0 0 0 0
70 4 1 1 0 0 0 0 0 0
71 3 0 0 2 0 0 0 0 0
fl=./string/../string/strstr.c
fn=__GI_strstr
45 2 1 1 0 0 0 0 0 0
77 20 1 1 2 0 0 14 0 0
82 6 1 1 2 1 1 0 0 0
84 10 0 0 0 0 0 2 0 0
85 4 0 0 0 0 0 0 0 0
161 24 0 0 18 0 0 0 0 0
fl=./string/../sysdeps/x86/cacheinfo.c
fn=__x86_cacheinfo
86 2 1 1 1 0 0 0 0 0
fl=./string/../sysdeps/x86/cacheinfo.h
fn=__x86_cacheinfo
62 1 1 1 1 0 0 0 0 0
65 3 0 0 1 1 0 0 0 0
67 3 0 0 0 0 0 1 0 0
68 1 1 1 0 0 0 1 1 1
74 3 0 0 1 0 0 0 0 0
76 3 0 0 0 0 0 1 0 0
77 1 0 0 0 0 0 1 0 0
81 2 0 0 1 0 0 1 1 1
84 2 1 1 1 0 0 1 0 0
86 2 0 0 1 0 0 1 0 0
87 2 0 0 1 0 0 1 0 0
88 2 0 0 1 0 0 1 0 0
90 2 0 0 1 1 0 0 0 0
fl=./string/../sysdeps/x86_64/multiarch/../multiarch/memcmp-sse2.S
fn=bcmp
71 1 1 1 0 0 0 0 0 0
72 1 0 0 0 0 0 0 0 0
94 1 0 0 0 0 0 0 0 0
95 1 0 0 0 0 0 0 0 0
140 1 1 1 1 0 0 0 0 0
141 1 0 0 1 0 0 0 0 0
143 1 0 0 0 0 0 0 0 0
144 1 0 0 0 0 0 0 0 0
146 1 0 0 1 0 0 0 0 0
147 1 0 0 1 0 0 0 0 0
149 1 0 0 0 0 0 0 0 0
150 1 0 0 0 0 0 0 0 0
197 1 1 1 0 0 0 0 0 0
198 1 0 0 0 0 0 0 0 0
199 1 0 0 0 0 0 0 0 0
200 1 0 0 0 0 0 0 0 0
201 1 0 0 0 0 0 0 0 0
202 1 0 0 1 0 0 0 0 0
fl=./string/../sysdeps/x86_64/multiarch/../multiarch/memset-vec-unaligned-erms.S
fn=memset
138 40 1 1 0 0 0 0 0 0
143 8 0 0 0 0 0 0 0 0
144 8 0 0 0 0 0 0 0 0
147 3 0 0 0 0 0 0 0 0
148 3 0 0 0 0 0 0 0 0
150 1 0 0 0 0 0 1 1 1
151 1 0 0 0 0 0 1 0 0
152 1 0 0 1 0 0 0 0 0
236 2 1 1 0 0 0 2 1 1
237 2 0 0 0 0 0 2 0 0
249 2 0 0 0 0 0 0 0 0
252 2 0 0 0 0 0 0 0 0
253 2 0 0 0 0 0 0 0 0
265 2 0 0 0 0 0 2 1 1
266 2 0 0 0 0 0 2 1 1
279 2 0 0 0 0 0 0 0 0
280 2 0 0 0 0 0 0 0 0
282 2 0 0 0 0 0 0 0 0
285 1 0 0 0 0 0 0 0 0
288 2 0 0 0 0 0 0 0 0
291 35 0 0 0 0 0 35 34 34
292 35 0 0 0 0 0 35 0 0
293 35 0 0 0 0 0 35 0 0
294 35 0 0 0 0 0 35 0 0
295 35 0 0 0 0 0 0 0 0
296 35 0 0 0 0 0 0 0 0
297 35 0 0 0 0 0 0 0 0
300 2 0 0 0 0 0 2 1 1
301 2 0 0 0 0 0 2 0 0
302 2 0 0 0 0 0 2 0 0
303 2 0 0 0 0 0 2 0 0
308 2 0 0 2 0 0 0 0 0
354 5 1 1 0 0 0 0 0 0
356 5 0 0 0 0 0 0 0 0
357 5 0 0 0 0 0 0 0 0
396 5 1 1 0 0 0 5 1 1
397 5 0 0 0 0 0 5 1 1
399 5 0 0 5 0 0 0 0 0
fl=./string/../sysdeps/x86_64/multiarch/../multiarch/strchr-sse2.S
fn=index
33 15 1 1 0 0 0 0 0 0
34 15 0 0 0 0 0 0 0 0
35 15 0 0 0 0 0 0 0 0
36 15 0 0 0 0 0 0 0 0
37 15 0 0 0 0 0 0 0 0
38 15 0 0 0 0 0 0 0 0
39 15 0 0 0 0 0 0 0 0
40 15 1 1 0 0 0 0 0 0
41 15 0 0 15 2 2 0 0 0
42 15 0 0 0 0 0 0 0 0
43 15 0 0 0 0 0 0 0 0
44 15 0 0 0 0 0 0 0 0
45 15 0 0 0 0 0 0 0 0
46 15 0 0 0 0 0 0 0 0
47 15 0 0 0 0 0 0 0 0
48 15 0 0 0 0 0 0 0 0
49 15 0 0 0 0 0 0 0 0
50 13 0 0 0 0 0 0 0 0
54 13 0 0 0 0 0 0 0 0
55 13 0 0 0 0 0 0 0 0
56 13 0 0 13 0 0 0 0 0
57 13 0 0 0 0 0 0 0 0
59 13 0 0 13 0 0 0 0 0
63 2 0 0 2 0 0 0 0 0
64 2 1 1 0 0 0 0 0 0
65 2 0 0 0 0 0 0 0 0
66 2 0 0 0 0 0 0 0 0
67 2 0 0 0 0 0 0 0 0
68 2 0 0 0 0 0 0 0 0
69 2 0 0 2 0 0 0 0 0
70 2 0 0 0 0 0 0 0 0
71 2 0 0 0 0 0 0 0 0
72 2 0 0 0 0 0 0 0 0
73 2 0 0 0 0 0 0 0 0
74 2 0 0 0 0 0 0 0 0
75 2 0 0 0 0 0 0 0 0
76 2 0 0 2 0 0 0 0 0
77 2 0 0 0 0 0 0 0 0
78 2 0 0 0 0 0 0 0 0
79 2 0 0 0 0 0 0 0 0
80 2 1 1 0 0 0 0 0 0
81 2 0 0 0 0 0 0 0 0
82 2 0 0 0 0 0 0 0 0
83 2 0 0 0 0 0 0 0 0
84 2 0 0 0 0 0 0 0 0
85 2 0 0 0 0 0 0 0 0
86 2 0 0 0 0 0 0 0 0
138 2 1 1 0 0 0 0 0 0
142 2 0 0 0 0 0 0 0 0
143 2 0 0 0 0 0 0 0 0
144 2 0 0 2 0 0 0 0 0
145 2 0 0 0 0 0 0 0 0
147 2 0 0 2 0 0 0 0 0
fl=./string/../sysdeps/x86_64/multiarch/../multiarch/strcmp-sse2.S
fn=strcmp
131 197 1 1 0 0 0 0 0 0
132 197 0 0 0 0 0 0 0 0
134 197 0 0 0 0 0 0 0 0
135 197 0 0 0 0 0 0 0 0
156 197 0 0 0 0 0 0 0 0
157 197 0 0 0 0 0 0 0 0
158 157 0 0 0 0 0 0 0 0
159 157 0 0 0 0 0 0 0 0
160 138 0 0 138 16 8 0 0 0
161 138 0 0 138 6 5 0 0 0
162 138 0 0 138 0 0 0 0 0
163 138 0 0 138 0 0 0 0 0
180 138 0 0 0 0 0 0 0 0
181 138 0 0 0 0 0 0 0 0
182 138 0 0 0 0 0 0 0 0
183 138 0 0 0 0 0 0 0 0
184 138 0 0 0 0 0 0 0 0
185 138 0 0 0 0 0 0 0 0
186 138 0 0 0 0 0 0 0 0
191 10 0 0 0 0 0 0 0 0
192 10 0 0 0 0 0 0 0 0
201 69 2 1 0 0 0 0 0 0
202 69 0 0 0 0 0 0 0 0
203 69 0 0 0 0 0 0 0 0
204 69 0 0 0 0 0 0 0 0
205 69 0 0 0 0 0 0 0 0
206 69 0 0 0 0 0 0 0 0
207 69 0 0 0 0 0 0 0 0
208 69 0 0 0 0 0 0 0 0
209 66 0 0 0 0 0 0 0 0
210 32 0 0 0 0 0 0 0 0
211 32 0 0 0 0 0 0 0 0
212 32 0 0 0 0 0 0 0 0
214 66 0 0 0 0 0 0 0 0
215 66 0 0 0 0 0 0 0 0
216 66 2 1 0 0 0 0 0 0
217 66 0 0 66 6 2 0 0 0
218 66 0 0 0 0 0 0 0 0
219 66 0 0 0 0 0 0 0 0
229 3 0 0 3 0 0 0 0 0
230 3 0 0 0 0 0 0 0 0
231 3 0 0 0 0 0 0 0 0
233 3 0 0 3 0 0 0 0 0
239 3 0 0 0 0 0 0 0 0
240 3 0 0 0 0 0 0 0 0
241 3 0 0 0 0 0 0 0 0
242 3 0 0 0 0 0 0 0 0
243 3 0 0 0 0 0 0 0 0
248 3 0 0 0 0 0 0 0 0
250 3 0 0 0 0 0 0 0 0
251 3 1 1 0 0 0 0 0 0
252 6 0 0 0 0 0 0 0 0
260 3 0 0 3 0 0 0 0 0
261 3 0 0 3 0 0 0 0 0
264 3 0 0 0 0 0 0 0 0
265 3 0 0 0 0 0 0 0 0
266 3 0 0 0 0 0 0 0 0
267 3 0 0 0 0 0 0 0 0
268 3 0 0 0 0 0 0 0 0
269 3 0 0 0 0 0 0 0 0
300 1 1 1 0 0 0 0 0 0
301 1 0 0 1 0 0 0 0 0
302 1 0 0 1 0 0 0 0 0
303 1 0 0 0 0 0 0 0 0
304 1 1 1 0 0 0 0 0 0
306 1 0 0 0 0 0 0 0 0
307 1 0 0 0 0 0 0 0 0
308 1 0 0 0 0 0 0 0 0
309 1 0 0 0 0 0 0 0 0
310 1 0 0 0 0 0 0 0 0
311 1 0 0 0 0 0 0 0 0
312 1 0 0 0 0 0 0 0 0
313 1 0 0 1 0 0 0 0 0
316 1 0 0 0 0 0 0 0 0
317 1 0 0 0 0 0 0 0 0
318 1 0 0 0 0 0 0 0 0
324 1 0 0 0 0 0 0 0 0
325 1 0 0 0 0 0 0 0 0
326 2 1 1 0 0 0 0 0 0
330 1 0 0 0 0 0 0 0 0
331 1 0 0 0 0 0 0 0 0
334 1 0 0 1 0 0 0 0 0
335 1 0 0 1 0 0 0 0 0
336 1 0 0 0 0 0 0 0 0
338 1 0 0 0 0 0 0 0 0
339 1 0 0 0 0 0 0 0 0
340 1 0 0 0 0 0 0 0 0
344 1 0 0 0 0 0 0 0 0
345 1 0 0 0 0 0 0 0 0
346 1 1 1 0 0 0 0 0 0
347 1 0 0 0 0 0 0 0 0
348 1 0 0 0 0 0 0 0 0
349 1 0 0 0 0 0 0 0 0
661 2 1 1 0 0 0 0 0 0
662 2 0 0 2 0 0 0 0 0
663 2 0 0 2 0 0 0 0 0
664 2 0 0 0 0 0 0 0 0
665 2 1 1 0 0 0 0 0 0
667 2 0 0 0 0 0 0 0 0
668 2 0 0 0 0 0 0 0 0
669 2 0 0 0 0 0 0 0 0
670 2 0 0 0 0 0 0 0 0
671 2 0 0 0 0 0 0 0 0
672 2 0 0 0 0 0 0 0 0
673 2 0 0 0 0 0 0 0 0
780 3 1 1 0 0 0 0 0 0
781 3 0 0 3 2 2 0 0 0
782 3 0 0 3 0 0 0 0 0
783 3 0 0 0 0 0 0 0 0
784 3 2 1 0 0 0 0 0 0
786 3 0 0 0 0 0 0 0 0
787 3 0 0 0 0 0 0 0 0
788 3 0 0 0 0 0 0 0 0
789 3 0 0 0 0 0 0 0 0
790 3 0 0 0 0 0 0 0 0
791 3 0 0 0 0 0 0 0 0
792 3 0 0 0 0 0 0 0 0
793 3 0 0 3 0 0 0 0 0
797 3 0 0 0 0 0 0 0 0
798 3 0 0 0 0 0 0 0 0
799 3 0 0 0 0 0 0 0 0
805 3 0 0 0 0 0 0 0 0
806 3 0 0 0 0 0 0 0 0
807 6 2 1 0 0 0 0 0 0
811 3 0 0 0 0 0 0 0 0
812 3 0 0 0 0 0 0 0 0
815 3 0 0 3 0 0 0 0 0
816 3 0 0 3 1 1 0 0 0
817 3 0 0 0 0 0 0 0 0
819 3 0 0 0 0 0 0 0 0
820 3 0 0 0 0 0 0 0 0
821 3 0 0 0 0 0 0 0 0
825 3 0 0 0 0 0 0 0 0
826 3 0 0 0 0 0 0 0 0
827 3 2 1 0 0 0 0 0 0
828 3 0 0 0 0 0 0 0 0
829 3 0 0 0 0 0 0 0 0
830 3 0 0 0 0 0 0 0 0
899 2 1 1 0 0 0 0 0 0
900 2 0 0 2 1 1 0 0 0
901 2 0 0 2 1 1 0 0 0
902 2 0 0 0 0 0 0 0 0
903 2 1 1 0 0 0 0 0 0
905 2 0 0 0 0 0 0 0 0
906 2 0 0 0 0 0 0 0 0
907 2 0 0 0 0 0 0 0 0
908 2 0 0 0 0 0 0 0 0
909 2 0 0 0 0 0 0 0 0
910 2 0 0 0 0 0 0 0 0
911 2 0 0 0 0 0 0 0 0
912 2 0 0 2 0 0 0 0 0
916 2 0 0 0 0 0 0 0 0
917 2 0 0 0 0 0 0 0 0
918 2 0 0 0 0 0 0 0 0
924 2 0 0 0 0 0 0 0 0
925 2 0 0 0 0 0 0 0 0
926 4 1 1 0 0 0 0 0 0
930 2 0 0 0 0 0 0 0 0
931 2 0 0 0 0 0 0 0 0
934 2 0 0 2 1 1 0 0 0
935 2 0 0 2 0 0 0 0 0
936 2 0 0 0 0 0 0 0 0
938 2 0 0 0 0 0 0 0 0
939 2 0 0 0 0 0 0 0 0
940 2 0 0 0 0 0 0 0 0
944 2 0 0 0 0 0 0 0 0
945 2 0 0 0 0 0 0 0 0
946 2 1 1 0 0 0 0 0 0
947 2 0 0 0 0 0 0 0 0
948 2 0 0 0 0 0 0 0 0
949 2 0 0 0 0 0 0 0 0
1018 3 1 1 0 0 0 0 0 0
1019 3 0 0 3 0 0 0 0 0
1020 3 0 0 3 2 2 0 0 0
1021 3 0 0 0 0 0 0 0 0
1022 3 2 1 0 0 0 0 0 0
1024 3 0 0 0 0 0 0 0 0
1025 3 0 0 0 0 0 0 0 0
1026 3 0 0 0 0 0 0 0 0
1027 3 0 0 0 0 0 0 0 0
1028 3 0 0 0 0 0 0 0 0
1029 3 0 0 0 0 0 0 0 0
1030 3 0 0 0 0 0 0 0 0
1031 3 0 0 3 0 0 0 0 0
1035 3 0 0 0 0 0 0 0 0
1036 3 0 0 0 0 0 0 0 0
1037 3 0 0 0 0 0 0 0 0
1043 3 0 0 0 0 0 0 0 0
1044 3 0 0 0 0 0 0 0 0
1045 6 2 1 0 0 0 0 0 0
1049 3 0 0 0 0 0 0 0 0
1050 3 0 0 0 0 0 0 0 0
1053 3 0 0 3 1 1 0 0 0
1054 3 0 0 3 1 0 0 0 0
1055 3 0 0 0 0 0 0 0 0
1057 3 0 0 0 0 0 0 0 0
1058 3 0 0 0 0 0 0 0 0
1059 3 0 0 0 0 0 0 0 0
1063 3 0 0 0 0 0 0 0 0
1064 3 0 0 0 0 0 0 0 0
1065 3 2 1 0 0 0 0 0 0
1066 3 0 0 0 0 0 0 0 0
1067 3 0 0 0 0 0 0 0 0
1068 3 0 0 0 0 0 0 0 0
1137 4 2 1 0 0 0 0 0 0
1138 4 0 0 4 0 0 0 0 0
1139 4 0 0 4 1 1 0 0 0
1140 4 0 0 0 0 0 0 0 0
1141 4 2 1 0 0 0 0 0 0
1143 4 0 0 0 0 0 0 0 0
1144 4 0 0 0 0 0 0 0 0
1145 4 0 0 0 0 0 0 0 0
1146 4 0 0 0 0 0 0 0 0
1147 4 0 0 0 0 0 0 0 0
1148 4 0 0 0 0 0 0 0 0
1149 4 0 0 0 0 0 0 0 0
1150 2 0 0 2 0 0 0 0 0
1154 2 0 0 0 0 0 0 0 0
1155 2 0 0 0 0 0 0 0 0
1156 2 0 0 0 0 0 0 0 0
1162 2 0 0 0 0 0 0 0 0
1163 2 0 0 0 0 0 0 0 0
1164 4 1 1 0 0 0 0 0 0
1168 2 0 0 0 0 0 0 0 0
1169 2 0 0 0 0 0 0 0 0
1172 2 0 0 2 1 1 0 0 0
1173 2 0 0 2 0 0 0 0 0
1174 2 0 0 0 0 0 0 0 0
1176 2 0 0 0 0 0 0 0 0
1177 2 0 0 0 0 0 0 0 0
1178 2 0 0 0 0 0 0 0 0
1182 2 0 0 0 0 0 0 0 0
1183 2 0 0 0 0 0 0 0 0
1184 2 1 1 0 0 0 0 0 0
1185 2 0 0 0 0 0 0 0 0
1186 2 0 0 0 0 0 0 0 0
1187 2 0 0 0 0 0 0 0 0
1256 5 2 1 0 0 0 0 0 0
1257 5 0 0 5 2 1 0 0 0
1258 5 0 0 5 1 1 0 0 0
1259 5 0 0 0 0 0 0 0 0
1260 5 2 1 0 0 0 0 0 0
1262 5 0 0 0 0 0 0 0 0
1263 5 0 0 0 0 0 0 0 0
1264 5 0 0 0 0 0 0 0 0
1265 5 0 0 0 0 0 0 0 0
1266 5 0 0 0 0 0 0 0 0
1267 5 0 0 0 0 0 0 0 0
1268 5 0 0 0 0 0 0 0 0
1269 4 0 0 4 0 0 0 0 0
1273 4 0 0 0 0 0 0 0 0
1274 4 0 0 0 0 0 0 0 0
1275 4 0 0 0 0 0 0 0 0
1281 4 0 0 0 0 0 0 0 0
1282 4 0 0 0 0 0 0 0 0
1283 8 1 1 0 0 0 0 0 0
1287 4 0 0 0 0 0 0 0 0
1288 4 0 0 0 0 0 0 0 0
1291 4 0 0 4 1 1 0 0 0
1292 4 0 0 4 0 0 0 0 0
1293 4 0 0 0 0 0 0 0 0
1295 4 0 0 0 0 0 0 0 0
1296 4 0 0 0 0 0 0 0 0
1297 4 0 0 0 0 0 0 0 0
1301 4 0 0 0 0 0 0 0 0
1302 4 0 0 0 0 0 0 0 0
1303 4 1 1 0 0 0 0 0 0
1304 4 0 0 0 0 0 0 0 0
1305 4 0 0 0 0 0 0 0 0
1306 4 0 0 0 0 0 0 0 0
1375 7 2 1 0 0 0 0 0 0
1376 7 0 0 7 1 1 0 0 0
1377 7 0 0 7 2 1 0 0 0
1378 7 0 0 0 0 0 0 0 0
1379 7 2 1 0 0 0 0 0 0
1381 7 0 0 0 0 0 0 0 0
1382 7 0 0 0 0 0 0 0 0
1383 7 0 0 0 0 0 0 0 0
1384 7 0 0 0 0 0 0 0 0
1385 7 0 0 0 0 0 0 0 0
1386 7 0 0 0 0 0 0 0 0
1387 7 0 0 0 0 0 0 0 0
1388 5 0 0 5 0 0 0 0 0
1392 5 0 0 0 0 0 0 0 0
1393 5 0 0 0 0 0 0 0 0
1394 5 0 0 0 0 0 0 0 0
1400 5 0 0 0 0 0 0 0 0
1401 5 0 0 0 0 0 0 0 0
1402 10 2 1 0 0 0 0 0 0
1406 5 0 0 0 0 0 0 0 0
1407 5 0 0 0 0 0 0 0 0
1410 5 0 0 5 2 1 0 0 0
1411 5 0 0 5 1 1 0 0 0
1412 5 0 0 0 0 0 0 0 0
1414 5 0 0 0 0 0 0 0 0
1415 5 0 0 0 0 0 0 0 0
1416 5 0 0 0 0 0 0 0 0
1420 5 0 0 0 0 0 0 0 0
1421 5 0 0 0 0 0 0 0 0
1422 5 2 1 0 0 0 0 0 0
1423 5 0 0 0 0 0 0 0 0
1424 5 0 0 0 0 0 0 0 0
1425 5 0 0 0 0 0 0 0 0
1432 2 0 0 0 0 0 0 0 0
1433 2 0 0 0 0 0 0 0 0
1435 2 0 0 0 0 0 0 0 0
1436 2 0 0 0 0 0 0 0 0
1438 2 0 0 2 0 0 0 0 0
1439 2 0 0 2 0 0 0 0 0
1440 2 0 0 0 0 0 0 0 0
1442 2 0 0 0 0 0 0 0 0
1443 2 0 0 0 0 0 0 0 0
1444 2 0 0 0 0 0 0 0 0
1448 2 0 0 0 0 0 0 0 0
1449 2 1 1 0 0 0 0 0 0
1450 2 0 0 0 0 0 0 0 0
1451 2 0 0 0 0 0 0 0 0
1452 2 0 0 0 0 0 0 0 0
1453 2 0 0 0 0 0 0 0 0
1494 3 1 1 0 0 0 0 0 0
1495 3 0 0 3 1 0 0 0 0
1496 3 0 0 3 2 1 0 0 0
1497 3 0 0 0 0 0 0 0 0
1498 3 2 1 0 0 0 0 0 0
1500 3 0 0 0 0 0 0 0 0
1501 3 0 0 0 0 0 0 0 0
1502 3 0 0 0 0 0 0 0 0
1503 3 0 0 0 0 0 0 0 0
1504 3 0 0 0 0 0 0 0 0
1505 3 0 0 0 0 0 0 0 0
1506 3 0 0 0 0 0 0 0 0
1507 3 0 0 3 0 0 0 0 0
1511 3 0 0 0 0 0 0 0 0
1512 3 0 0 0 0 0 0 0 0
1513 3 0 0 0 0 0 0 0 0
1519 3 0 0 0 0 0 0 0 0
1520 3 0 0 0 0 0 0 0 0
1521 6 1 1 0 0 0 0 0 0
1525 3 0 0 0 0 0 0 0 0
1526 3 0 0 0 0 0 0 0 0
1529 3 0 0 3 2 2 0 0 0
1530 3 0 0 3 1 1 0 0 0
1531 3 0 0 0 0 0 0 0 0
1533 3 0 0 0 0 0 0 0 0
1534 3 0 0 0 0 0 0 0 0
1535 3 0 0 0 0 0 0 0 0
1539 3 0 0 0 0 0 0 0 0
1540 3 0 0 0 0 0 0 0 0
1541 3 1 1 0 0 0 0 0 0
1542 3 0 0 0 0 0 0 0 0
1543 3 0 0 0 0 0 0 0 0
1544 3 0 0 0 0 0 0 0 0
1613 6 1 1 0 0 0 0 0 0
1614 6 0 0 6 1 1 0 0 0
1615 6 0 0 6 2 2 0 0 0
1616 6 0 0 0 0 0 0 0 0
1617 6 2 1 0 0 0 0 0 0
1619 6 0 0 0 0 0 0 0 0
1620 6 0 0 0 0 0 0 0 0
1621 6 0 0 0 0 0 0 0 0
1622 6 0 0 0 0 0 0 0 0
1623 6 0 0 0 0 0 0 0 0
1624 6 0 0 0 0 0 0 0 0
1625 6 0 0 0 0 0 0 0 0
1626 4 0 0 4 0 0 0 0 0
1630 4 0 0 0 0 0 0 0 0
1631 4 0 0 0 0 0 0 0 0
1632 4 0 0 0 0 0 0 0 0
1638 4 0 0 0 0 0 0 0 0
1639 4 0 0 0 0 0 0 0 0
1640 8 1 1 0 0 0 0 0 0
1644 4 0 0 0 0 0 0 0 0
1645 4 0 0 0 0 0 0 0 0
1648 4 0 0 4 1 1 0 0 0
1649 4 0 0 4 2 1 0 0 0
1650 4 0 0 0 0 0 0 0 0
1652 4 0 0 0 0 0 0 0 0
1653 4 0 0 0 0 0 0 0 0
1654 4 0 0 0 0 0 0 0 0
1658 4 0 0 0 0 0 0 0 0
1659 4 0 0 0 0 0 0 0 0
1660 4 1 1 0 0 0 0 0 0
1661 4 0 0 0 0 0 0 0 0
1662 4 0 0 0 0 0 0 0 0
1663 4 0 0 0 0 0 0 0 0
1732 5 1 1 0 0 0 0 0 0
1733 5 0 0 5 0 0 0 0 0
1734 5 0 0 5 1 1 0 0 0
1735 5 0 0 0 0 0 0 0 0
1736 5 1 1 0 0 0 0 0 0
1738 5 0 0 0 0 0 0 0 0
1739 5 0 0 0 0 0 0 0 0
1740 5 0 0 0 0 0 0 0 0
1741 5 0 0 0 0 0 0 0 0
1742 5 0 0 0 0 0 0 0 0
1743 5 0 0 0 0 0 0 0 0
1744 5 0 0 0 0 0 0 0 0
1745 3 0 0 3 0 0 0 0 0
1749 3 0 0 0 0 0 0 0 0
1750 3 0 0 0 0 0 0 0 0
1751 3 0 0 0 0 0 0 0 0
1757 3 0 0 0 0 0 0 0 0
1758 3 0 0 0 0 0 0 0 0
1759 6 1 1 0 0 0 0 0 0
1763 3 0 0 0 0 0 0 0 0
1764 3 0 0 0 0 0 0 0 0
1767 3 0 0 3 1 1 0 0 0
1768 3 0 0 3 0 0 0 0 0
1769 3 0 0 0 0 0 0 0 0
1771 3 0 0 0 0 0 0 0 0
1772 3 0 0 0 0 0 0 0 0
1773 3 0 0 0 0 0 0 0 0
1777 3 0 0 0 0 0 0 0 0
1778 3 0 0 0 0 0 0 0 0
1779 3 1 1 0 0 0 0 0 0
1780 3 0 0 0 0 0 0 0 0
1781 3 0 0 0 0 0 0 0 0
1782 3 0 0 0 0 0 0 0 0
1789 1 0 0 0 0 0 0 0 0
1790 1 0 0 0 0 0 0 0 0
1792 1 0 0 0 0 0 0 0 0
1793 1 0 0 0 0 0 0 0 0
1795 1 0 0 1 0 0 0 0 0
1796 1 0 0 1 0 0 0 0 0
1797 1 0 0 0 0 0 0 0 0
1799 1 0 0 0 0 0 0 0 0
1800 1 0 0 0 0 0 0 0 0
1801 1 0 0 0 0 0 0 0 0
1805 1 0 0 0 0 0 0 0 0
1806 1 1 1 0 0 0 0 0 0
1807 1 0 0 0 0 0 0 0 0
1808 1 0 0 0 0 0 0 0 0
1809 1 0 0 0 0 0 0 0 0
1810 1 0 0 0 0 0 0 0 0
1851 20 1 1 0 0 0 0 0 0
1852 20 0 0 20 1 0 0 0 0
1853 20 0 0 20 1 1 0 0 0
1854 20 0 0 0 0 0 0 0 0
1855 20 1 1 0 0 0 0 0 0
1857 20 0 0 0 0 0 0 0 0
1858 20 0 0 0 0 0 0 0 0
1859 20 0 0 0 0 0 0 0 0
1860 20 0 0 0 0 0 0 0 0
1861 20 0 0 0 0 0 0 0 0
1862 20 0 0 0 0 0 0 0 0
1863 20 0 0 0 0 0 0 0 0
1864 18 0 0 18 0 0 0 0 0
1868 18 0 0 0 0 0 0 0 0
1869 18 0 0 0 0 0 0 0 0
1870 18 0 0 0 0 0 0 0 0
1876 18 0 0 0 0 0 0 0 0
1877 18 0 0 0 0 0 0 0 0
1878 36 1 1 0 0 0 0 0 0
1882 18 0 0 0 0 0 0 0 0
1883 18 0 0 0 0 0 0 0 0
1886 18 0 0 18 1 1 0 0 0
1887 18 0 0 18 0 0 0 0 0
1888 18 0 0 0 0 0 0 0 0
1890 18 0 0 0 0 0 0 0 0
1891 18 0 0 0 0 0 0 0 0
1892 18 0 0 0 0 0 0 0 0
1896 18 0 0 0 0 0 0 0 0
1897 18 0 0 0 0 0 0 0 0
1898 18 1 1 0 0 0 0 0 0
1899 18 0 0 0 0 0 0 0 0
1900 18 0 0 0 0 0 0 0 0
1901 18 0 0 0 0 0 0 0 0
1970 5 1 1 0 0 0 0 0 0
1971 5 0 0 5 1 1 0 0 0
1972 5 0 0 5 0 0 0 0 0
1973 5 0 0 0 0 0 0 0 0
1974 5 1 1 0 0 0 0 0 0
1976 5 0 0 0 0 0 0 0 0
1977 5 0 0 0 0 0 0 0 0
1978 5 0 0 0 0 0 0 0 0
1979 5 0 0 0 0 0 0 0 0
1980 5 0 0 0 0 0 0 0 0
1981 5 0 0 0 0 0 0 0 0
1982 5 0 0 0 0 0 0 0 0
1984 4 0 0 4 0 0 0 0 0
1988 4 0 0 0 0 0 0 0 0
1989 4 0 0 0 0 0 0 0 0
1990 4 0 0 0 0 0 0 0 0
1996 4 0 0 0 0 0 0 0 0
1997 4 0 0 0 0 0 0 0 0
1999 8 1 1 0 0 0 0 0 0
2003 4 0 0 0 0 0 0 0 0
2004 4 0 0 0 0 0 0 0 0
2007 4 0 0 4 1 1 0 0 0
2008 4 0 0 4 1 1 0 0 0
2009 4 0 0 0 0 0 0 0 0
2011 4 0 0 0 0 0 0 0 0
2012 4 0 0 0 0 0 0 0 0
2013 4 0 0 0 0 0 0 0 0
2017 4 0 0 0 0 0 0 0 0
2018 4 0 0 0 0 0 0 0 0
2019 4 1 1 0 0 0 0 0 0
2020 4 0 0 0 0 0 0 0 0
2021 4 0 0 0 0 0 0 0 0
2022 4 0 0 0 0 0 0 0 0
2093 55 0 0 0 0 0 0 0 0
2095 69 1 1 0 0 0 0 0 0
2096 69 0 0 0 0 0 0 0 0
2097 69 0 0 0 0 0 0 0 0
2098 69 1 1 0 0 0 0 0 0
2099 64 0 0 0 0 0 0 0 0
2104 197 0 0 0 0 0 0 0 0
2110 197 0 0 197 0 0 0 0 0
2111 197 0 0 197 0 0 0 0 0
2119 197 0 0 0 0 0 0 0 0
2120 197 0 0 197 0 0 0 0 0
fn=strncmp
125 1 1 1 0 0 0 0 0 0
126 1 0 0 0 0 0 0 0 0
127 1 0 0 0 0 0 0 0 0
128 1 0 0 0 0 0 0 0 0
129 1 0 0 0 0 0 0 0 0
131 1 0 0 0 0 0 0 0 0
132 1 0 0 0 0 0 0 0 0
134 1 0 0 0 0 0 0 0 0
135 1 0 0 0 0 0 0 0 0
156 1 0 0 0 0 0 0 0 0
157 1 0 0 0 0 0 0 0 0
158 1 0 0 0 0 0 0 0 0
159 1 0 0 0 0 0 0 0 0
160 1 0 0 1 0 0 0 0 0
161 1 0 0 1 1 1 0 0 0
162 1 0 0 1 0 0 0 0 0
163 1 0 0 1 0 0 0 0 0
180 1 1 1 0 0 0 0 0 0
181 1 0 0 0 0 0 0 0 0
182 1 0 0 0 0 0 0 0 0
183 1 0 0 0 0 0 0 0 0
184 1 0 0 0 0 0 0 0 0
185 1 0 0 0 0 0 0 0 0
186 1 0 0 0 0 0 0 0 0
2104 1 1 1 0 0 0 0 0 0
2107 1 0 0 0 0 0 0 0 0
2108 1 0 0 0 0 0 0 0 0
2110 1 0 0 1 0 0 0 0 0
2111 1 0 0 1 0 0 0 0 0
2119 1 0 0 0 0 0 0 0 0
2120 1 0 0 1 0 0 0 0 0
fl=./string/../sysdeps/x86_64/multiarch/../multiarch/strlen-sse2.S
fn=strlen
101 15 1 1 0 0 0 0 0 0
102 15 0 0 0 0 0 0 0 0
103 15 0 0 0 0 0 0 0 0
104 15 0 0 0 0 0 0 0 0
105 15 0 0 0 0 0 0 0 0
106 15 0 0 0 0 0 0 0 0
107 15 0 0 0 0 0 0 0 0
109 15 1 1 0 0 0 0 0 0
111 15 0 0 0 0 0 0 0 0
142 15 0 0 15 2 2 0 0 0
143 15 0 0 0 0 0 0 0 0
144 15 0 0 0 0 0 0 0 0
145 15 0 0 0 0 0 0 0 0
146 15 0 0 0 0 0 0 0 0
147 9 0 0 0 0 0 0 0 0
149 9 0 0 9 0 0 0 0 0
153 6 0 0 0 0 0 0 0 0
154 6 0 0 6 0 0 0 0 0
155 6 0 0 6 0 0 0 0 0
156 6 0 0 6 0 0 0 0 0
157 6 0 0 0 0 0 0 0 0
158 6 0 0 0 0 0 0 0 0
159 6 0 0 0 0 0 0 0 0
160 6 0 0 0 0 0 0 0 0
161 6 1 1 0 0 0 0 0 0
162 6 0 0 0 0 0 0 0 0
163 6 0 0 0 0 0 0 0 0
164 6 0 0 0 0 0 0 0 0
169 48 0 0 6 0 0 0 0 0
fl=./string/../sysdeps/x86_64/multiarch/ifunc-avx2.h
fn=memrchr
38 4 0 0 0 0 0 0 0 0
40 3 1 1 2 0 0 0 0 0
41 2 1 1 1 0 0 0 0 0
42 3 0 0 1 0 0 0 0 0
45 2 0 0 0 0 0 0 0 0
46 2 0 0 0 0 0 0 0 0
49 3 0 0 0 0 0 0 0 0
52 6 0 0 0 0 0 0 0 0
fn=rindex
38 4 0 0 0 0 0 0 0 0
40 3 0 0 2 0 0 0 0 0
41 2 1 1 1 0 0 0 0 0
42 3 0 0 1 0 0 0 0 0
45 2 0 0 0 0 0 0 0 0
46 2 0 0 0 0 0 0 0 0
49 3 0 0 0 0 0 0 0 0
52 6 1 1 0 0 0 0 0 0
fn=strchrnul
38 4 0 0 0 0 0 0 0 0
40 3 1 1 2 0 0 0 0 0
41 2 0 0 1 0 0 0 0 0
42 3 0 0 1 0 0 0 0 0
45 2 0 0 0 0 0 0 0 0
46 2 0 0 0 0 0 0 0 0
49 3 0 0 0 0 0 0 0 0
52 6 0 0 0 0 0 0 0 0
fn=strlen
38 4 0 0 0 0 0 0 0 0
40 3 1 1 2 0 0 0 0 0
41 2 0 0 1 0 0 0 0 0
42 3 0 0 1 0 0 0 0 0
45 2 0 0 0 0 0 0 0 0
46 2 0 0 0 0 0 0 0 0
49 3 0 0 0 0 0 0 0 0
52 6 1 1 0 0 0 0 0 0
fn=strnlen
38 8 0 0 0 0 0 0 0 0
40 6 2 2 4 1 0 0 0 0
41 4 0 0 2 0 0 0 0 0
42 6 0 0 2 0 0 0 0 0
45 4 0 0 0 0 0 0 0 0
46 4 0 0 0 0 0 0 0 0
49 6 0 0 0 0 0 0 0 0
52 12 1 1 0 0 0 0 0 0
fl=./string/../sysdeps/x86_64/multiarch/ifunc-evex.h
fn=memchr
37 4 0 0 0 0 0 0 0 0
38 3 1 1 2 0 0 0 0 0
39 3 1 1 1 0 0 0 0 0
42 2 0 0 0 0 0 0 0 0
43 2 0 0 0 0 0 0 0 0
45 2 0 0 0 0 0 0 0 0
51 3 0 0 0 0 0 0 0 0
54 4 0 0 0 0 0 0 0 0
fl=./string/../sysdeps/x86_64/multiarch/ifunc-memcmp.h
fn=bcmp
34 5 1 1 2 0 0 0 0 0
35 2 0 0 1 0 0 0 0 0
36 2 0 0 0 0 0 0 0 0
37 3 1 1 1 0 0 0 0 0
40 2 0 0 0 0 0 0 0 0
41 2 0 0 0 0 0 0 0 0
44 3 0 0 0 0 0 0 0 0
47 4 0 0 0 0 0 0 0 0
fl=./string/../sysdeps/x86_64/multiarch/ifunc-memmove.h
fn=memcpy@@GLIBC_2.14
56 4 0 0 0 0 0 0 0 0
57 6 2 1 4 1 0 0 0 0
60 6 0 0 2 1 0 0 0 0
61 4 2 1 0 0 0 0 0 0
74 4 0 0 0 0 0 0 0 0
77 4 0 0 0 0 0 0 0 0
85 4 0 0 0 0 0 0 0 0
93 4 2 1 0 0 0 0 0 0
96 10 4 2 2 0 0 0 0 0
fn=memmove
56 2 0 0 0 0 0 0 0 0
57 3 1 1 2 0 0 0 0 0
60 3 1 1 1 0 0 0 0 0
61 2 1 1 0 0 0 0 0 0
74 2 0 0 0 0 0 0 0 0
77 2 0 0 0 0 0 0 0 0
85 2 0 0 0 0 0 0 0 0
93 2 0 0 0 0 0 0 0 0
96 5 1 1 1 0 0 0 0 0
fn=mempcpy
56 2 0 0 0 0 0 0 0 0
57 3 1 1 2 0 0 0 0 0
60 3 0 0 1 0 0 0 0 0
61 2 1 1 0 0 0 0 0 0
74 2 0 0 0 0 0 0 0 0
77 2 0 0 0 0 0 0 0 0
85 2 0 0 0 0 0 0 0 0
93 2 1 1 0 0 0 0 0 0
96 5 1 1 1 0 0 0 0 0
fl=./string/../sysdeps/x86_64/multiarch/ifunc-memset.h
fn=memset
52 3 0 0 0 0 0 0 0 0
53 2 0 0 0 0 0 0 0 0
61 5 1 1 2 0 0 0 0 0
64 3 1 1 1 0 0 0 0 0
65 2 1 1 0 0 0 0 0 0
80 2 0 0 0 0 0 0 0 0
82 2 0 0 0 0 0 0 0 0
92 2 0 0 0 0 0 0 0 0
100 2 1 1 0 0 0 0 0 0
fl=./string/../sysdeps/x86_64/multiarch/ifunc-sse4_2.h
fn=strcspn
36 5 1 1 2 0 0 0 0 0
fn=strpbrk
36 5 1 1 2 1 0 0 0 0
fn=strspn
36 5 2 2 2 0 0 0 0 0
fl=./string/../sysdeps/x86_64/multiarch/ifunc-strcasecmp.h
fn=strcasecmp
36 4 0 0 0 0 0 0 0 0
37 2 0 0 2 0 0 0 0 0
38 3 1 1 1 0 0 0 0 0
41 2 0 0 0 0 0 0 0 0
42 2 0 0 0 0 0 0 0 0
45 3 0 0 0 0 0 0 0 0
48 5 1 1 0 0 0 0 0 0
fn=strcasecmp_l
36 4 0 0 0 0 0 0 0 0
37 2 0 0 2 0 0 0 0 0
38 3 1 1 1 0 0 0 0 0
41 2 0 0 0 0 0 0 0 0
42 2 0 0 0 0 0 0 0 0
45 3 0 0 0 0 0 0 0 0
48 5 1 1 0 0 0 0 0 0
fn=strncasecmp
36 4 0 0 0 0 0 0 0 0
37 2 1 1 2 0 0 0 0 0
38 3 1 1 1 0 0 0 0 0
41 2 0 0 0 0 0 0 0 0
42 2 0 0 0 0 0 0 0 0
45 3 0 0 0 0 0 0 0 0
48 5 0 0 0 0 0 0 0 0
fn=strncasecmp_l
36 4 0 0 0 0 0 0 0 0
37 2 1 1 2 0 0 0 0 0
38 3 1 1 1 0 0 0 0 0
41 2 0 0 0 0 0 0 0 0
42 2 0 0 0 0 0 0 0 0
45 3 0 0 0 0 0 0 0 0
48 5 1 1 0 0 0 0 0 0
fl=./string/../sysdeps/x86_64/multiarch/ifunc-strcpy.h
fn=index
43 2 1 1 2 0 0 0 0 0
fn=stpcpy
38 4 1 1 2 0 0 0 0 0
39 3 0 0 1 0 0 0 0 0
42 2 0 0 0 0 0 0 0 0
43 2 0 0 0 0 0 0 0 0
46 3 0 0 0 0 0 0 0 0
49 3 0 0 0 0 0 0 0 0
fn=strcat
38 4 1 1 2 0 0 0 0 0
39 3 0 0 1 0 0 0 0 0
42 2 0 0 0 0 0 0 0 0
43 2 0 0 0 0 0 0 0 0
46 3 0 0 0 0 0 0 0 0
49 3 0 0 0 0 0 0 0 0
fn=strcpy
38 4 1 1 2 0 0 0 0 0
39 3 1 1 1 0 0 0 0 0
42 2 0 0 0 0 0 0 0 0
43 2 0 0 0 0 0 0 0 0
46 3 0 0 0 0 0 0 0 0
49 3 0 0 0 0 0 0 0 0
fl=./string/../sysdeps/x86_64/multiarch/ifunc-strncpy.h
fn=stpncpy
35 5 2 2 2 0 0 0 0 0
36 3 0 0 1 0 0 0 0 0
39 2 0 0 0 0 0 0 0 0
40 2 0 0 0 0 0 0 0 0
43 3 0 0 0 0 0 0 0 0
46 4 0 0 0 0 0 0 0 0
fn=strncpy
35 5 1 1 2 0 0 0 0 0
36 3 0 0 1 0 0 0 0 0
39 2 0 0 0 0 0 0 0 0
40 2 0 0 0 0 0 0 0 0
43 3 0 0 0 0 0 0 0 0
46 4 0 0 0 0 0 0 0 0
fl=./string/../sysdeps/x86_64/multiarch/memchr.c
fn=memchr
29 1 0 0 1 0 0 0 0 0
fl=./string/../sysdeps/x86_64/multiarch/memcmp.c
fn=bcmp
29 3 0 0 1 0 0 0 0 0
fl=./string/../sysdeps/x86_64/multiarch/memmove-vec-unaligned-erms.S
fn=__memcpy_avx_unaligned_erms
256 19 1 1 0 0 0 0 0 0
262 20 0 0 0 0 0 0 0 0
263 20 0 0 0 0 0 0 0 0
265 1 0 0 1 1 0 0 0 0
266 1 0 0 0 0 0 0 0 0
267 1 0 0 0 0 0 0 0 0
305 19 0 0 0 0 0 0 0 0
306 19 0 0 0 0 0 0 0 0
308 15 0 0 0 0 0 0 0 0
309 15 0 0 0 0 0 0 0 0
311 9 0 0 0 0 0 0 0 0
315 9 0 0 0 0 0 0 0 0
316 5 1 1 0 0 0 0 0 0
317 5 0 0 0 0 0 0 0 0
318 5 0 0 5 0 0 0 0 0
319 5 0 0 0 0 0 0 0 0
320 1 0 0 1 0 0 0 0 0
321 1 0 0 0 0 0 1 0 0
323 5 0 0 0 0 0 5 0 0
325 5 0 0 5 0 0 0 0 0
331 4 0 0 4 0 0 0 0 0
332 4 0 0 4 0 0 0 0 0
333 4 0 0 0 0 0 4 0 0
334 4 0 0 0 0 0 4 0 0
335 4 0 0 4 0 0 0 0 0
342 4 0 0 4 1 1 0 0 0
343 4 0 0 4 0 0 0 0 0
344 4 0 0 0 0 0 4 1 0
345 4 0 0 0 0 0 4 0 0
347 4 0 0 4 0 0 0 0 0
364 6 1 1 6 0 0 0 0 0
365 6 0 0 6 0 0 0 0 0
366 6 0 0 0 0 0 6 0 0
367 6 0 0 0 0 0 6 0 0
368 6 0 0 6 0 0 0 0 0
386 1 1 1 1 1 0 0 0 0
387 1 0 0 0 0 0 0 0 0
392 1 0 0 0 0 0 0 0 0
393 1 0 0 0 0 0 0 0 0
417 1 1 1 0 0 0 0 0 0
418 1 0 0 0 0 0 0 0 0
422 1 0 0 0 0 0 0 0 0
424 1 1 1 0 0 0 0 0 0
428 1 0 0 1 1 0 0 0 0
429 1 0 0 0 0 0 0 0 0
440 1 0 0 0 0 0 0 0 0
443 1 0 0 0 0 0 0 0 0
445 1 0 0 0 0 0 0 0 0
447 1 0 0 0 0 0 0 0 0
451 1 0 0 0 0 0 0 0 0
452 1 0 0 0 0 0 0 0 0
461 1 0 0 1 0 0 0 0 0
462 1 0 0 1 0 0 0 0 0
464 1 0 0 0 0 0 0 0 0
466 1 0 0 0 0 0 0 0 0
467 1 1 1 1 1 0 0 0 0
468 1 0 0 1 0 0 0 0 0
471 1 0 0 0 0 0 0 0 0
473 1 0 0 0 0 0 0 0 0
475 1 0 0 0 0 0 0 0 0
477 2 0 0 0 0 0 0 0 0
483 3 0 0 3 0 0 0 0 0
484 3 0 0 3 3 0 0 0 0
485 3 0 0 3 0 0 0 0 0
486 3 0 0 3 2 0 0 0 0
487 3 0 0 0 0 0 0 0 0
488 3 0 0 0 0 0 3 3 3
489 3 0 0 0 0 0 3 0 0
490 3 1 1 0 0 0 3 3 3
491 3 0 0 0 0 0 3 0 0
492 3 0 0 0 0 0 0 0 0
493 3 0 0 0 0 0 0 0 0
494 3 0 0 0 0 0 0 0 0
496 1 0 0 0 0 0 1 1 1
497 1 0 0 0 0 0 1 1 1
498 1 0 0 0 0 0 1 0 0
499 1 0 0 0 0 0 1 0 0
501 1 0 0 0 0 0 1 0 0
505 2 0 0 1 0 0 0 0 0
fn=__mempcpy_avx_unaligned_erms
243 1 1 1 0 0 0 0 0 0
244 1 0 0 0 0 0 0 0 0
245 1 0 0 0 0 0 0 0 0
fn=memcpy
211 19 2 1 0 0 0 0 0 0
217 32 0 0 0 0 0 0 0 0
218 32 0 0 0 0 0 0 0 0
220 15 0 0 15 1 0 0 0 0
221 15 0 0 0 0 0 0 0 0
222 15 0 0 0 0 0 0 0 0
224 10 0 0 10 0 0 0 0 0
225 10 0 0 0 0 0 10 1 1
226 10 0 0 0 0 0 10 0 0
228 10 0 0 10 0 0 0 0 0
308 17 0 0 0 0 0 0 0 0
309 17 0 0 0 0 0 0 0 0
311 2 0 0 0 0 0 0 0 0
315 2 0 0 0 0 0 0 0 0
316 2 0 0 0 0 0 0 0 0
317 2 0 0 0 0 0 0 0 0
318 1 0 0 1 1 1 0 0 0
319 1 0 0 0 0 0 0 0 0
323 1 0 0 0 0 0 1 1 1
325 2 0 0 2 0 0 0 0 0
364 15 1 1 15 0 0 0 0 0
365 15 0 0 15 0 0 0 0 0
366 15 0 0 0 0 0 15 4 4
367 15 0 0 0 0 0 15 0 0
368 15 0 0 15 0 0 0 0 0
375 5 0 0 5 0 0 0 0 0
376 5 0 0 5 0 0 0 0 0
377 5 0 0 0 0 0 5 2 2
378 5 0 0 0 0 0 5 2 2
379 5 0 0 0 0 0 5 2 2
380 5 0 0 0 0 0 5 0 0
381 5 0 0 5 0 0 0 0 0
392 5 2 1 0 0 0 0 0 0
393 5 0 0 0 0 0 0 0 0
395 5 0 0 5 0 0 0 0 0
396 5 0 0 0 0 0 0 0 0
397 5 0 0 0 0 0 0 0 0
fn=mempcpy
198 13 1 1 0 0 0 0 0 0
199 13 0 0 0 0 0 0 0 0
200 13 0 0 0 0 0 0 0 0
fl=./string/../sysdeps/x86_64/multiarch/memrchr.c
fn=memrchr
29 2 0 0 1 0 0 0 0 0
fl=./string/../sysdeps/x86_64/multiarch/memset-vec-unaligned-erms.S
fn=__memset_avx2_unaligned_erms
199 4 2 1 0 0 0 0 0 0
204 2 0 0 0 0 0 0 0 0
205 2 0 0 0 0 0 0 0 0
206 2 0 0 0 0 0 0 0 0
207 2 0 0 0 0 0 0 0 0
208 2 0 0 0 0 0 0 0 0
221 1 0 0 0 0 0 1 0 0
222 1 0 0 0 0 0 1 0 0
224 2 0 0 1 0 0 0 0 0
229 2 2 1 2 1 0 0 0 0
230 2 0 0 0 0 0 0 0 0
236 2 0 0 0 0 0 2 0 0
237 2 0 0 0 0 0 2 1 1
249 2 0 0 0 0 0 0 0 0
252 2 0 0 0 0 0 0 0 0
253 2 0 0 0 0 0 0 0 0
265 1 0 0 0 0 0 1 0 0
266 1 0 0 0 0 0 1 1 1
279 1 0 0 0 0 0 0 0 0
280 1 0 0 0 0 0 0 0 0
282 1 0 0 0 0 0 0 0 0
300 1 1 1 0 0 0 1 0 0
301 1 0 0 0 0 0 1 0 0
302 1 0 0 0 0 0 1 0 0
303 1 0 0 0 0 0 1 0 0
306 2 0 0 1 0 0 0 0 0
fl=./string/../sysdeps/x86_64/multiarch/memset.c
fn=memset
29 1 0 0 1 0 0 0 0 0
fl=./string/../sysdeps/x86_64/multiarch/stpcpy.c
fn=stpcpy
33 2 0 0 1 0 0 0 0 0
fl=./string/../sysdeps/x86_64/multiarch/stpncpy.c
fn=stpncpy
31 2 1 1 1 0 0 0 0 0
fl=./string/../sysdeps/x86_64/multiarch/strcasecmp.c
fn=strcasecmp
31 2 0 0 1 0 0 0 0 0
fl=./string/../sysdeps/x86_64/multiarch/strcasecmp_l.c
fn=strcasecmp_l
31 2 0 0 1 0 0 0 0 0
fl=./string/../sysdeps/x86_64/multiarch/strcat.c
fn=strcat
29 2 1 1 1 0 0 0 0 0
fl=./string/../sysdeps/x86_64/multiarch/strchr-avx2.S
fn=__strchr_avx2
55 2 1 1 0 0 0 0 0 0
56 2 0 0 0 0 0 0 0 0
57 2 0 0 0 0 0 0 0 0
58 2 0 0 0 0 0 0 0 0
59 2 0 0 0 0 0 0 0 0
62 2 0 0 0 0 0 0 0 0
63 2 0 0 0 0 0 0 0 0
67 2 0 0 2 0 0 0 0 0
68 2 0 0 0 0 0 0 0 0
69 2 0 0 0 0 0 0 0 0
70 2 0 0 0 0 0 0 0 0
71 2 0 0 0 0 0 0 0 0
72 2 0 0 0 0 0 0 0 0
73 2 0 0 0 0 0 0 0 0
74 2 0 0 0 0 0 0 0 0
77 2 0 0 2 0 0 0 0 0
85 2 1 1 0 0 0 0 0 0
93 2 0 0 0 0 0 0 0 0
94 4 0 0 2 0 0 0 0 0
fn=__strchrnul_avx2
55 11 1 1 0 0 0 0 0 0
56 11 0 0 0 0 0 0 0 0
57 11 0 0 0 0 0 0 0 0
58 11 0 0 0 0 0 0 0 0
59 11 0 0 0 0 0 0 0 0
62 11 0 0 0 0 0 0 0 0
63 11 0 0 0 0 0 0 0 0
67 11 0 0 11 4 4 0 0 0
68 11 0 0 0 0 0 0 0 0
69 11 0 0 0 0 0 0 0 0
70 11 0 0 0 0 0 0 0 0
71 11 0 0 0 0 0 0 0 0
72 11 0 0 0 0 0 0 0 0
73 11 0 0 0 0 0 0 0 0
74 11 0 0 0 0 0 0 0 0
87 11 0 0 0 0 0 0 0 0
89 22 1 1 11 0 0 0 0 0
fl=./string/../sysdeps/x86_64/multiarch/strchr.c
fn=index
42 4 0 0 0 0 0 0 0 0
44 3 0 0 1 0 0 0 0 0
47 2 1 1 0 0 0 0 0 0
48 2 0 0 0 0 0 0 0 0
51 3 0 0 0 0 0 0 0 0
54 3 0 0 0 0 0 0 0 0
65 2 0 0 1 0 0 0 0 0
fl=./string/../sysdeps/x86_64/multiarch/strchrnul.c
fn=strchrnul
31 2 0 0 1 0 0 0 0 0
fl=./string/../sysdeps/x86_64/multiarch/strcmp-avx2.S
fn=__strcmp_avx2
249 84 1 1 0 0 0 0 0 0
274 84 0 0 0 0 0 0 0 0
275 84 0 0 0 0 0 0 0 0
276 84 0 0 0 0 0 0 0 0
278 84 1 1 0 0 0 0 0 0
279 84 0 0 0 0 0 0 0 0
283 84 0 0 84 0 0 0 0 0
287 84 0 0 84 6 6 0 0 0
289 84 0 0 0 0 0 0 0 0
291 84 0 0 0 0 0 0 0 0
294 84 0 0 0 0 0 0 0 0
303 84 0 0 0 0 0 0 0 0
304 168 0 0 0 0 0 0 0 0
308 84 0 0 0 0 0 0 0 0
318 84 0 0 84 0 0 0 0 0
319 84 0 0 84 0 0 0 0 0
322 84 0 0 0 0 0 0 0 0
326 168 0 0 84 0 0 0 0 0
953 84 1 1 0 0 0 0 0 0
954 84 0 0 0 0 0 0 0 0
fl=./string/../sysdeps/x86_64/multiarch/strcmp.c
fn=strcmp
47 8 0 0 0 0 0 0 0 0
48 4 2 1 4 1 0 0 0 0
49 6 4 2 2 0 0 0 0 0
52 4 0 0 0 0 0 0 0 0
53 4 0 0 0 0 0 0 0 0
56 6 0 0 0 0 0 0 0 0
59 6 0 0 0 0 0 0 0 0
79 4 0 0 2 0 0 0 0 0
fl=./string/../sysdeps/x86_64/multiarch/strcpy.c
fn=strcpy
29 2 0 0 1 0 0 0 0 0
fl=./string/../sysdeps/x86_64/multiarch/strcspn.c
fn=strcspn
29 1 1 1 1 0 0 0 0 0
fl=./string/../sysdeps/x86_64/multiarch/strlen-avx2.S
fn=__strlen_avx2
65 3 1 1 0 0 0 0 0 0
66 3 0 0 0 0 0 0 0 0
67 3 0 0 0 0 0 0 0 0
70 3 0 0 0 0 0 0 0 0
72 3 0 0 0 0 0 0 0 0
73 3 0 0 0 0 0 0 0 0
76 3 0 0 3 2 2 0 0 0
77 3 0 0 0 0 0 0 0 0
85 3 0 0 0 0 0 0 0 0
86 3 0 0 0 0 0 0 0 0
87 3 0 0 0 0 0 0 0 0
92 6 0 0 3 0 0 0 0 0
fl=./string/../sysdeps/x86_64/multiarch/strlen.c
fn=strlen
29 2 0 0 1 0 0 0 0 0
fl=./string/../sysdeps/x86_64/multiarch/strncase.c
fn=strncasecmp
31 2 0 0 1 0 0 0 0 0
fl=./string/../sysdeps/x86_64/multiarch/strncase_l.c
fn=strncasecmp_l
31 2 0 0 1 0 0 0 0 0
fl=./string/../sysdeps/x86_64/multiarch/strncmp.c
fn=strncmp
43 4 0 0 0 0 0 0 0 0
44 2 1 1 2 0 0 0 0 0
45 3 1 1 1 0 0 0 0 0
48 2 0 0 0 0 0 0 0 0
49 2 0 0 0 0 0 0 0 0
52 3 0 0 0 0 0 0 0 0
55 5 0 0 0 0 0 0 0 0
67 2 0 0 1 0 0 0 0 0
fl=./string/../sysdeps/x86_64/multiarch/strncpy.c
fn=strncpy
29 2 1 1 1 0 0 0 0 0
fl=./string/../sysdeps/x86_64/multiarch/strnlen.c
fn=strnlen
31 4 0 0 2 0 0 0 0 0
fl=./string/../sysdeps/x86_64/multiarch/strpbrk.c
fn=strpbrk
29 1 0 0 1 0 0 0 0 0
fl=./string/../sysdeps/x86_64/multiarch/strrchr-avx2.S
fn=__strrchr_avx2
54 1 1 1 0 0 0 0 0 0
55 1 0 0 0 0 0 0 0 0
57 1 0 0 0 0 0 0 0 0
58 1 0 0 0 0 0 0 0 0
62 1 1 1 0 0 0 0 0 0
63 1 0 0 0 0 0 0 0 0
64 1 0 0 0 0 0 0 0 0
67 1 0 0 1 1 0 0 0 0
69 1 0 0 0 0 0 0 0 0
70 1 0 0 0 0 0 0 0 0
71 1 0 0 0 0 0 0 0 0
72 1 0 0 0 0 0 0 0 0
75 1 0 0 0 0 0 0 0 0
76 1 0 0 0 0 0 0 0 0
78 1 0 0 0 0 0 0 0 0
79 1 0 0 0 0 0 0 0 0
80 1 0 0 0 0 0 0 0 0
81 1 0 0 0 0 0 0 0 0
82 1 0 0 0 0 0 0 0 0
91 2 0 0 1 0 0 0 0 0
fl=./string/../sysdeps/x86_64/multiarch/strrchr.c
fn=rindex
28 2 0 0 1 0 0 0 0 0
fl=./string/../sysdeps/x86_64/multiarch/strspn.c
fn=strspn
29 1 0 0 1 0 0 0 0 0
fl=./string/./string/strdup.c
fn=strdup
40 12 1 1 0 0 0 6 0 0
41 6 0 0 0 0 0 3 0 0
44 6 0 0 0 0 0 0 0 0
47 12 0 0 0 0 0 0 0 0
48 9 0 0 6 0 0 0 0 0
fl=./time/../sysdeps/unix/sysv/linux/clock.c
fn=clock
25 4 1 1 0 0 0 0 0 0
31 28 1 1 4 0 0 8 0 0
34 4 0 0 4 0 0 0 0 0
35 28 0 0 4 0 0 0 0 0
36 20 1 1 12 0 0 0 0 0
fl=./time/../sysdeps/unix/sysv/linux/clock_gettime.c
fn=clock_gettime@@GLIBC_2.17
38 8 2 1 8 1 0 0 0 0
40 8 0 0 0 0 0 0 0 0
44 8 0 0 4 0 0 0 0 0
68 8 0 0 0 0 0 0 0 0
69 8 0 0 0 0 0 0 0 0
fl=./wcsmbs/../sysdeps/x86_64/multiarch/ifunc-avx2.h
fn=wcschr
38 8 0 0 0 0 0 0 0 0
40 6 2 2 4 0 0 0 0 0
41 4 0 0 2 0 0 0 0 0
42 6 0 0 2 0 0 0 0 0
45 4 0 0 0 0 0 0 0 0
46 4 0 0 0 0 0 0 0 0
49 6 0 0 0 0 0 0 0 0
52 12 1 1 0 0 0 0 0 0
fn=wcscmp
38 4 0 0 0 0 0 0 0 0
40 3 1 1 2 0 0 0 0 0
41 2 1 1 1 0 0 0 0 0
42 3 0 0 1 0 0 0 0 0
45 2 0 0 0 0 0 0 0 0
46 2 1 1 0 0 0 0 0 0
49 3 0 0 0 0 0 0 0 0
52 6 0 0 0 0 0 0 0 0
fl=./wcsmbs/../sysdeps/x86_64/multiarch/ifunc-evex.h
fn=wmemchr
37 8 0 0 0 0 0 0 0 0
38 6 2 2 4 0 0 0 0 0
39 6 0 0 2 0 0 0 0 0
42 4 0 0 0 0 0 0 0 0
43 4 1 1 0 0 0 0 0 0
45 4 0 0 0 0 0 0 0 0
51 6 0 0 0 0 0 0 0 0
54 8 0 0 0 0 0 0 0 0
fl=./wcsmbs/../sysdeps/x86_64/multiarch/ifunc-memcmp.h
fn=wmemcmp
34 5 1 1 2 0 0 0 0 0
35 2 0 0 1 0 0 0 0 0
36 2 0 0 0 0 0 0 0 0
37 3 0 0 1 0 0 0 0 0
40 2 0 0 0 0 0 0 0 0
41 2 0 0 0 0 0 0 0 0
44 3 0 0 0 0 0 0 0 0
47 4 0 0 0 0 0 0 0 0
fl=./wcsmbs/../sysdeps/x86_64/multiarch/ifunc-wcs.h
fn=wcpncpy
39 4 0 0 0 0 0 0 0 0
40 3 1 1 2 0 0 0 0 0
41 3 1 1 1 0 0 0 0 0
44 2 0 0 0 0 0 0 0 0
45 3 0 0 0 0 0 0 0 0
48 4 0 0 0 0 0 0 0 0
fn=wcscat
39 4 0 0 0 0 0 0 0 0
40 3 1 1 2 0 0 0 0 0
41 3 0 0 1 0 0 0 0 0
44 2 0 0 0 0 0 0 0 0
45 3 0 0 0 0 0 0 0 0
48 4 0 0 0 0 0 0 0 0
fn=wcsncpy
39 4 0 0 0 0 0 0 0 0
40 3 1 1 2 0 0 0 0 0
41 3 0 0 1 0 0 0 0 0
44 2 0 0 0 0 0 0 0 0
45 3 0 0 0 0 0 0 0 0
48 4 0 0 0 0 0 0 0 0
fl=./wcsmbs/../sysdeps/x86_64/multiarch/ifunc-wcslen.h
fn=wcslen
40 4 0 0 0 0 0 0 0 0
41 2 1 1 2 0 0 0 0 0
42 3 1 1 1 0 0 0 0 0
45 2 0 0 0 0 0 0 0 0
46 2 0 0 0 0 0 0 0 0
49 3 0 0 0 0 0 0 0 0
52 3 0 0 0 0 0 0 0 0
fn=wcsnlen
40 4 0 0 0 0 0 0 0 0
41 2 1 1 2 0 0 0 0 0
42 3 1 1 1 0 0 0 0 0
45 2 0 0 0 0 0 0 0 0
46 2 0 0 0 0 0 0 0 0
49 3 0 0 0 0 0 0 0 0
52 3 0 0 0 0 0 0 0 0
fl=./wcsmbs/../sysdeps/x86_64/multiarch/ifunc-wmemset.h
fn=wmemset
36 10 1 1 4 0 0 0 0 0
37 6 1 1 2 0 0 0 0 0
40 4 0 0 0 0 0 0 0 0
48 6 0 0 0 0 0 0 0 0
51 8 0 0 0 0 0 0 0 0
fl=./wcsmbs/../sysdeps/x86_64/multiarch/wcpncpy.c
fn=wcpncpy
31 1 0 0 1 0 0 0 0 0
fl=./wcsmbs/../sysdeps/x86_64/multiarch/wcscat.c
fn=wcscat
31 1 0 0 1 0 0 0 0 0
fl=./wcsmbs/../sysdeps/x86_64/multiarch/wcschr.c
fn=wcschr
31 4 0 0 2 0 0 0 0 0
fl=./wcsmbs/../sysdeps/x86_64/multiarch/wcscmp.c
fn=wcscmp
30 2 0 0 1 0 0 0 0 0
fl=./wcsmbs/../sysdeps/x86_64/multiarch/wcscpy.c
fn=wcscpy
42 4 0 0 0 0 0 0 0 0
43 2 1 1 2 0 0 0 0 0
44 3 1 1 1 0 0 0 0 0
46 2 0 0 0 0 0 0 0 0
47 3 0 0 0 0 0 0 0 0
50 3 0 0 0 0 0 0 0 0
60 1 0 0 1 0 0 0 0 0
fl=./wcsmbs/../sysdeps/x86_64/multiarch/wcslen.c
fn=wcslen
29 2 1 1 1 0 0 0 0 0
fl=./wcsmbs/../sysdeps/x86_64/multiarch/wcsncpy.c
fn=wcsncpy
31 1 0 0 1 0 0 0 0 0
fl=./wcsmbs/../sysdeps/x86_64/multiarch/wcsnlen.c
fn=wcsnlen
30 2 1 1 1 0 0 0 0 0
fl=./wcsmbs/../sysdeps/x86_64/multiarch/wmemchr.c
fn=wmemchr
31 2 0 0 2 0 0 0 0 0
fl=./wcsmbs/../sysdeps/x86_64/multiarch/wmemcmp.c
fn=wmemcmp
29 3 1 1 1 0 0 0 0 0
fl=./wcsmbs/../sysdeps/x86_64/multiarch/wmemset.c
fn=wmemset
31 2 0 0 2 0 0 0 0 0
fl=???
fn=(below main)
0 11 1 1 2 0 0 3 0 0
fn=???
0 323 35 29 230 17 0 32 1 1
fn=LZ5F_compressEnd
0 32 3 3 9 1 0 9 3 1
fn=LZ5F_compressFrame
0 234 19 19 34 4 1 67 0 0
fn=LZ5F_compressFrameBound
0 15 2 2 1 0 0 0 0 0
fn=LZ5F_compressUpdate
0 123 16 16 35 5 0 18 1 0
fn=LZ5F_createCompressionContext
0 18 2 2 3 0 0 6 0 0
fn=LZ5F_freeCompressionContext
0 16 1 0 4 1 0 3 0 0
fn=LZ5F_isError
0 12 1 1 3 0 0 0 0 0
fn=LZ5HC_compress_generic
0 4 1 1 1 0 0 0 0 0
fn=LZ5HC_compress_lowest_price
0 22857307 138 138 4809632 93345 4781 2052119 20324 10399
fn=LZ5IO_compressFilename
0 45 4 3 14 1 0 13 1 0
fn=LZ5IO_compressFilename_extRess.isra.0
0 153 13 13 29 7 1 32 0 0
fn=LZ5IO_createCResources
0 45 3 3 9 0 0 15 0 0
fn=LZ5IO_freeCResources.isra.0
0 19 2 2 3 0 0 6 0 0
fn=LZ5IO_getFiles
0 49 6 6 5 0 0 13 0 0
fn=LZ5IO_setBlockSizeID
0 8 1 1 2 1 1 1 0 0
fn=LZ5IO_setNotificationLevel
0 3 1 1 1 0 0 1 0 0
fn=LZ5IO_setOverwrite
0 10 1 1 2 0 0 2 1 0
fn=LZ5_XXH32
0 42 6 6 4 0 0 1 0 0
fn=LZ5_XXH32_digest
0 36 5 5 7 0 0 0 0 0
fn=LZ5_XXH32_reset
0 10 1 1 2 1 1 4 0 0
fn=LZ5_XXH32_update
0 309411 5 5 9382 2346 0 4 1 0
fn=LZ5_compressBound
0 7 1 1 1 0 0 0 0 0
fn=LZ5_compress_HC_extStateHC
0 41 3 3 6 0 0 12 0 0
fn=LZ5_createStreamHC
0 56 4 4 10 1 1 13 2 2
fn=LZ5_freeStreamHC
0 17 1 1 4 1 0 4 0 0
fn=LZ5_resetStreamHC
0 2 1 1 1 0 0 1 0 0
fn=main
0 615 28 26 48 4 1 116 3 1
summary: 23321816 1952 1834 4856138 97266 5899 2067555 20834 10813
